Term,Overlap,P-value,Adjusted P-value,Old P-value,Old Adjusted P-value,Odds Ratio,Combined Score,Genes
STAT6 20620947 ChIP-Seq CD4 POS T Human,13/334,1.27E-12,8.73E-10,0,0,21.48497095,588.5613279,SLFN5;BACH2;FOXP1;ZNRF1;SOCS3;KLHL6;MGAT5;IL2RA;BCL2;EVL;CD69;IL7R;SSBP2
STAT3 20064451 ChIP-Seq CD4+T Mouse,16/843,1.11E-10,3.81E-08,0,0,10.88157052,249.4621378,SLFN5;JUN;SMURF2;TCF7;AFF3;BACH2;CD2AP;KLHL6;MYC;IL2RA;DPH5;CCR7;EMB;CD69;IL7R;SSBP2
FOXO1 25302145 ChIP-Seq T-LYMPHOCYTE Mouse,20/1599,4.62E-10,1.06E-07,0,0,7.756385898,166.7262138,SLFN5;TCF7;AFF3;BACH2;TGFBR2;SMAD7;PDLIM1;SOCS3;NT5E;NEURL3;MGAT5;IL2RA;SH3BP5;RGS10;CCR7;EVL;CD69;IL7R;SSBP2;ADAMTS6
STAT4 19710469 ChIP-ChIP TH1 Mouse,16/1027,1.97E-09,3.39E-07,0,0,8.815500087,176.7232439,JUN;TGFBR2;ZNRF1;SOCS3;NT5E;MYC;IL2RA;SH3BP5;DPH5;CCR7;TNFRSF25;EMB;CD69;IL7R;CCR4;ADAMTS6
AF4 26711339 ChIP-Seq SEM Human Blood Leukemia,25/2966,4.90E-09,6.75E-07,0,0,5.783407004,110.6620526,CLDND1;TCF7;ITGAE;AFF3;BACH2;ZNRF1;NT5E;MYC;MGAT5;STK38;DPH5;EMB;ADAMTS6;CD96;JUN;SSH2;FOXP1;CD2AP;TGFBR2;DIAPH2;KLHL6;BCL2;EVL;IL7R;SSBP2
FOXP3 17237761 ChIP-ChIP TREG Mouse,7/108,9.07E-09,9.01E-07,0,0,31.99240157,592.433323,NRP1;MGAT5;IL2RA;BCL2;RGS10;CCR7;CD69
TCF3/E2A 22897851 ChIP-Seq JUKARTE6-1 Human,18/1501,9.15E-09,9.01E-07,0,0,7.00450944,129.6503642,NRP1;JUN;TCF7;SSH2;BACH2;FOXP1;TGFBR2;SMAD7;PDLIM1;NT5E;NEURL3;MYC;MGAT5;RGS10;CCR7;EMB;SSBP2;CCR4
ENL 26711339 ChIP-Seq SEM Human Blood Leukemia,18/1523,1.15E-08,9.90E-07,0,0,6.893895349,126.0329989,CD96;TCF7;AFF3;SSH2;BACH2;FOXP1;CD2AP;TGFBR2;ZNRF1;NT5E;MYC;MGAT5;STK38;BCL2;EVL;EMB;IL7R;SSBP2
HNF1A 27111144 ChIP-Seq CD8+TCells Mouse Blood Lymphoma,25/3109,1.31E-08,1.00E-06,0,0,5.468871595,99.27268615,SLFN5;TCF7;AFF3;BACH2;PDLIM1;MYC;MGAT5;SH3BP5;CCR7;EMB;CCR4;ADAMTS6;CD96;JUN;SMURF2;SSH2;FOXP1;SMAD7;DIAPH2;IL2RA;BCL2;RGS10;EVL;IL7R;SSBP2
RUNX 20019798 ChIP-Seq JUKART Human,11/505,3.66E-08,2.52E-06,0,0,11.10848126,190.2122405,SMURF2;TCF7;SH3BP5;DPH5;EVL;AFF3;IL7R;SSBP2;BACH2;FOXP1;TGFBR2
AF4 28076791 ChIP-Seq SEM Human Blood Leukemia,12/652,5.08E-08,3.18E-06,0,0,9.527960526,160.0184346,PDLIM1;ZNRF1;MYC;SH3BP5;BCL2;EMB;AFF3;SSH2;IL7R;BACH2;FOXP1;TGFBR2
MYB 26560356 Chip-Seq TH2 Human,17/1629,2.06E-07,1.18E-05,0,0,5.860327844,90.22521378,CD96;SLFN5;JUN;FOXP1;TGFBR2;SMAD7;PDLIM1;MGAT5;IL2RA;BCL2;CCR7;EVL;EMB;CD69;IL7R;SSBP2;CCR4
SMRT 22465074 ChIP-Seq MACROPHAGES Mouse,16/1580,7.92E-07,4.00E-05,0,0,5.532119753,77.71635641,NRP1;SLFN5;JUN;ITGAE;SSH2;SMAD7;ZNRF1;KLHL6;NEURL3;MYC;MGAT5;STK38;BCL2;CD69;IL7R;ADAMTS6
GATA3 26560356 Chip-Seq TH2 Human,16/1583,8.13E-07,4.00E-05,0,0,5.520627651,77.41488808,SLFN5;JUN;CLDND1;SMURF2;ITGAE;FOXP1;TGFBR2;SOCS3;KLHL6;NEURL3;MGAT5;RGS10;TNFRSF25;EVL;CD69;IL7R
IRF8 27001747 Chip-Seq BMDM Mouse,15/1500,2.28E-06,1.05E-04,0,0,5.329004329,69.23309924,NRP1;SLFN5;CD2AP;TGFBR2;PDLIM1;SOCS3;MYBBP1A;NEURL3;MYC;IL2RA;SH3BP5;CCR7;EMB;IL7R;ADAMTS6
NFKB1 27076634 ChIP-Seq BEAS2B Human Lung Inflammation,24/3823,3.53E-06,1.50E-04,0,0,3.924352562,49.270618,CD96;IFITM2;SMURF2;TCF7;ZBTB20;LDLRAD4;AFF3;SSH2;BACH2;FOXP1;CD2AP;TGFBR2;PDLIM1;SOCS3;NT5E;MGAT5;IL2RA;STK38;SH3BP5;BCL2;EMB;IL7R;SSBP2;ADAMTS6
TCF3 18692474 ChIP-Seq MESCs Mouse,12/976,3.71E-06,1.50E-04,0,0,6.219480236,77.77395394,PDLIM1;SOCS3;NT5E;IFITM2;MYC;STK38;CCR7;EMB;ADAMTS6;FOXP1;CD2AP;SMAD7
TCF12/HEB 22897851 ChIP-Seq JUKARTE6-1 Human,15/1593,4.80E-06,1.84E-04,0,0,4.989679522,61.1129408,JUN;TCF7;BACH2;CD2AP;TGFBR2;PDLIM1;SOCS3;NT5E;SH3BP5;RGS10;DPH5;CCR7;EMB;SSBP2;CCR4
MYB 26560356 Chip-Seq TH1 Human,15/1610,5.46E-06,1.98E-04,0,0,4.931930139,59.7637367,NRP1;SLFN5;JUN;TGFBR2;SMAD7;SOCS3;SLC17A9;MYC;IL2RA;STK38;BCL2;CCR7;EVL;CD69;SSBP2
PPARD 21283829 ChIP-Seq MYOFIBROBLAST Human,19/2749,1.67E-05,5.77E-04,0,0,3.866004963,42.51526619,NRP1;JUN;CLDND1;TCF7;ZBTB20;AFF3;BACH2;TGFBR2;SMAD7;PDLIM1;SOCS3;NEURL3;MYC;SH3BP5;BCL2;RGS10;DPH5;EVL;CCR4
POU5F1 18347094 ChIP-ChIP MESCs Mouse,14/1555,1.81E-05,5.94E-04,0,0,4.645720672,50.72723833,JUN;IFITM2;TCF7;SSH2;FOXP1;SMAD7;PDLIM1;SOCS3;NT5E;MYC;MGAT5;BCL2;EMB;ADAMTS6
NANOG 16518401 ChIP-PET MESCs Mouse,14/1657,3.69E-05,0.00115424,0,0,4.333164266,44.23515865,IFITM2;ZBTB20;BACH2;FOXP1;SMAD7;PDLIM1;ZNRF1;SOCS3;NT5E;KLHL6;MYC;MGAT5;STK38;CCR7
PPARG 20176806 ChIP-Seq MACROPHAGES Mouse,11/1083,5.93E-05,0.001702782,0,0,4.966944126,48.34396641,SOCS3;JUN;MGAT5;STK38;BCL2;EMB;CD69;ADAMTS6;FOXP1;CD2AP;TGFBR2
ZNF217 24962896 ChIP-Seq MCF-7 Human,12/1289,6.00E-05,0.001702782,0,0,4.617648271,44.89211729,NRP1;CD96;ZNRF1;SMURF2;MYC;SH3BP5;EVL;AFF3;SSBP2;FOXP1;TGFBR2;SMAD7
ISL1 27105846 Chip-Seq CPCs Mouse,12/1293,6.18E-05,0.001702782,0,0,4.602243313,44.60428549,NRP1;JUN;CLDND1;MYC;EMB;SSH2;SSBP2;CCR4;BACH2;FOXP1;TGFBR2;SMAD7
NR3C1 27076634 ChIP-Seq BEAS2B Human Lung Inflammation,19/3084,8.53E-05,0.002261583,0,0,3.376466874,31.63356029,NRP1;JUN;SMURF2;ZBTB20;LDLRAD4;AFF3;SSH2;FOXP1;TGFBR2;SMAD7;PDLIM1;SOCS3;NT5E;IL2RA;BCL2;IL7R;SSBP2;CCR4;ADAMTS6
CJUN 26792858 Chip-Seq BT549 Human,13/1564,8.89E-05,0.002268769,0,0,4.16796487,38.87845157,NRP1;SLFN5;JUN;SMURF2;BACH2;TGFBR2;SMAD7;PDLIM1;SOCS3;NT5E;EVL;EMB;IL7R
CEBPD 21427703 ChIP-Seq 3T3-L1 Mouse,12/1349,9.29E-05,0.002286428,0,0,4.396252411,40.81393339,NRP1;SOCS3;NT5E;IFITM2;SMURF2;MYC;SH3BP5;ZBTB20;CCR7;CD69;AFF3;SMAD7
BRD4 27068464 Chip-Seq AML-cells Mouse,13/1597,1.10E-04,0.0026121,0,0,4.073812449,37.13502569,SLFN5;JUN;ITGAE;SSH2;SMAD7;SOCS3;SLC17A9;NEURL3;MGAT5;STK38;BCL2;EMB;SSBP2
SMAD4 21741376 ChIP-Seq EPCs Human,13/1603,1.14E-04,0.002622824,0,0,4.057113717,36.82864247,NRP1;JUN;SMURF2;REXO2;BACH2;TGFBR2;SMAD7;PDLIM1;ZNRF1;MYC;STK38;SH3BP5;CCR4
GATA3 27048872 Chip-Seq THYMUS Human,13/1617,1.25E-04,0.002699238,0,0,4.018635843,36.12594376,TCF7;ITGAE;FOXP1;CD2AP;SMAD7;NEURL3;MGAT5;IL2RA;SH3BP5;BCL2;CCR7;EVL;CD69
TCF3 18692474 ChIP-Seq MEFs Mouse,8/611,1.25E-04,0.002699238,0,0,6.111348022,54.90612928,PDLIM1;SOCS3;NT5E;MYC;CCR7;EMB;CD2AP;SMAD7
RING1B 27294783 Chip-Seq ESCs Mouse,13/1651,1.54E-04,0.003134784,0,0,3.927927928,34.48772082,NRP1;JUN;SMURF2;TCF7;SOCS3;NT5E;NEURL3;MYC;BCL2;TNFRSF25;EMB;SSBP2;ADAMTS6
OCT4 18692474 ChIP-Seq MEFs Mouse,13/1655,1.58E-04,0.003134784,0,0,3.917503374,34.30111579,TCF7;ZBTB20;CD2AP;SMAD7;PDLIM1;SOCS3;NT5E;MYBBP1A;MYC;SH3BP5;BCL2;CCR7;EMB
KDM2B 26808549 Chip-Seq JURKAT Human,13/1660,1.62E-04,0.003134784,0,0,3.904543888,34.06961765,NRP1;JUN;REXO2;FOXP1;SMAD7;NT5E;MYC;IL2RA;SH3BP5;RGS10;EVL;CD69;SSBP2
KLF6 26769127 Chip-Seq PDAC-Cell Line Human,13/1666,1.68E-04,0.003134784,0,0,3.889095993,33.79437085,NRP1;CD96;JUN;IFITM2;SMURF2;TGFBR2;SMAD7;PDLIM1;SOCS3;NEURL3;MYC;RGS10;DPH5
KDM2B 26808549 Chip-Seq SUP-B15 Human,13/1666,1.68E-04,0.003134784,0,0,3.889095993,33.79437085,NRP1;JUN;BACH2;FOXP1;SMAD7;PDLIM1;ZNRF1;SOCS3;SLC17A9;IL2RA;SH3BP5;BCL2;RGS10
POU5F1 18692474 ChIP-Seq MESCs Mouse,18/3012,2.13E-04,0.003861274,0,0,3.185621242,26.93051038,IFITM2;TCF7;ZBTB20;FOXP1;CD2AP;SMAD7;PDLIM1;ZNRF1;SOCS3;NT5E;MYBBP1A;MYC;STK38;SH3BP5;BCL2;CCR7;EMB;ADAMTS6
ARNT 22903824 ChIP-Seq MCF-7 Human,9/846,2.19E-04,0.003861274,0,0,5.012588513,42.24828977,NRP1;ZNRF1;JUN;BCL2;RGS10;CCR7;EVL;SSBP2;FOXP1
NR3C2 34362910 ChIP-Seq WistarRat Hippocampus,12/1496,2.46E-04,0.004243817,0,0,3.929493545,32.64880243,NT5E;JUN;IL2RA;SH3BP5;ZBTB20;CCR7;ITGAE;LDLRAD4;AFF3;REXO2;FOXP1;SMAD7
PPARG 20887899 ChIP-Seq 3T3-L1 Mouse,17/2774,2.55E-04,0.004283834,0,0,3.212549873,26.58248869,NRP1;JUN;IFITM2;SMURF2;ZBTB20;ITGAE;AFF3;FOXP1;ZNRF1;NT5E;MYC;MGAT5;IL2RA;STK38;CCR7;CD69;SSBP2
AR 19668381 ChIP-Seq PC3 Human,17/2803,2.89E-04,0.004745039,0,0,3.173747526,25.86041628,NRP1;CD96;ITGAE;AFF3;SSH2;BACH2;FOXP1;SOCS3;NT5E;DIAPH2;MYBBP1A;KLHL6;BCL2;CCR7;EMB;CD69;SSBP2
BRD4 25478319 ChIP-Seq HGPS Human,13/1770,3.07E-04,0.004913304,0,0,3.638096264,29.4316522,NRP1;JUN;ZBTB20;ITGAE;FOXP1;TGFBR2;SMAD7;SOCS3;MYBBP1A;MYC;MGAT5;DPH5;ADAMTS6
FOXA2 19822575 ChIP-Seq HepG2 Human,16/2553,3.22E-04,0.005048974,0,0,3.229938093,25.96748069,NRP1;SMURF2;ZBTB20;AFF3;SSH2;BACH2;FOXP1;TGFBR2;PDLIM1;ZNRF1;MGAT5;STK38;BCL2;RGS10;DPH5;EVL
RUNX1 27514584 Chip-Seq MCF-7 Human,12/1568,3.80E-04,0.005816343,0,0,3.733053714,29.4002705,NRP1;ZNRF1;JUN;SLC17A9;NEURL3;MYC;SH3BP5;CCR7;TNFRSF25;EVL;REXO2;SMAD7
TCF4 23295773 ChIP-Seq U87 Human,18/3177,4.19E-04,0.006215527,0,0,2.989850427,23.25502029,CD96;SMURF2;ZBTB20;ITGAE;AFF3;SSH2;BACH2;FOXP1;TGFBR2;SMAD7;BCL2;DPH5;CCR7;CD69;IL7R;SSBP2;CCR4;ADAMTS6
JUN 26020271 ChIP-Seq SMOOTH MUSCLE Human,12/1587,4.24E-04,0.006215527,0,0,3.684210526,28.6108363,CD96;SLFN5;NT5E;SMURF2;MYC;SH3BP5;ITGAE;IL7R;CCR4;BACH2;TGFBR2;SMAD7
PPARG 20176806 ChIP-Seq 3T3-L1 Mouse,11/1369,4.64E-04,0.006655278,0,0,3.861485593,29.64225108,PDLIM1;ZNRF1;SMURF2;MYC;MGAT5;BCL2;ZBTB20;CD69;AFF3;FOXP1;TGFBR2
PRDM14 20953172 ChIP-Seq ESCs Human,11/1374,4.78E-04,0.006662402,0,0,3.846285532,29.40665846,PDLIM1;NRP1;TCF7;SH3BP5;DPH5;EMB;SSBP2;CCR4;BACH2;CD2AP;TGFBR2
TCF3 18347094 ChIP-ChIP MESCs Mouse,12/1613,4.91E-04,0.006662402,0,0,3.619251126,27.57250414,PDLIM1;SOCS3;NT5E;JUN;IFITM2;MYC;TCF7;EMB;ADAMTS6;FOXP1;CD2AP;SMAD7
PPAR 26484153 Chip-Seq NCI-H1993 Human,9/945,4.93E-04,0.006662402,0,0,4.459193246,33.95537806,PDLIM1;NRP1;NEURL3;BCL2;ZBTB20;IL7R;ADAMTS6;TGFBR2;SMAD7
FOXO3 23340844 ChIP-Seq DLD1 Human,7/576,5.40E-04,0.007032619,0,0,5.544897208,41.7150156,SLFN5;NEURL3;EVL;CD69;REXO2;BACH2;CD2AP
AHR 22903824 ChIP-Seq MCF-7 Human,7/577,5.46E-04,0.007032619,0,0,5.534883721,41.58261161,NRP1;ZNRF1;BCL2;CCR7;EVL;SSBP2;FOXP1
CEBPD 23245923 ChIP-Seq MEFs Mouse,6/413,5.51E-04,0.007032619,0,0,6.547799866,49.13111054,NRP1;NT5E;ZBTB20;ADAMTS6;FOXP1;TGFBR2
ESR1 22446102 ChIP-Seq UTERUS Mouse,10/1183,5.92E-04,0.007416946,0,0,4.001918159,29.74183975,ZNRF1;MGAT5;SH3BP5;BCL2;ZBTB20;EVL;EMB;AFF3;FOXP1;SMAD7
FOXA1 26769127 Chip-Seq PDAC-Cell Line Human,12/1658,6.30E-04,0.007746236,0,0,3.511671037,25.88255308,PDLIM1;NRP1;SLFN5;ZNRF1;NT5E;JUN;NEURL3;STK38;BCL2;SSH2;TGFBR2;SMAD7
TP63 22573176 ChIP-Seq HFKS Human,18/3315,7.09E-04,0.008566259,0,0,2.84116242,20.60443437,NRP1;TCF7;PPAN;ITGAE;AFF3;SSH2;BACH2;SMAD7;PDLIM1;ZNRF1;SOCS3;KLHL6;MGAT5;SH3BP5;DPH5;TNFRSF25;EVL;EMB
TCF7L2 21901280 ChIP-Seq H4IIE Rat,8/807,8.10E-04,0.009519247,0,0,4.565468741,32.49807585,KLHL6;SH3BP5;BCL2;ZBTB20;CCR7;SSH2;BACH2;SMAD7
EGR1 20690147 ChIP-Seq ERYTHROLEUKEMIA Human,23/4931,8.15E-04,0.009519247,0,0,2.610748891,18.56802051,JUN;CLDND1;SMURF2;TCF7;ZBTB20;AFF3;SSH2;BACH2;FOXP1;SMAD7;PDLIM1;ZNRF1;SOCS3;NT5E;MYBBP1A;MYC;MGAT5;SH3BP5;BCL2;TNFRSF25;EVL;IL7R;SSBP2
EOMES 21245162 ChIP-Seq HESCs Human,8/820,8.99E-04,0.010160579,0,0,4.489326765,31.49026779,PDLIM1;NRP1;SLFN5;IFITM2;MYBBP1A;RGS10;ITGAE;SSH2
EED 16625203 ChIP-ChIP MESCs Mouse,7/628,9.00E-04,0.010160579,0,0,5.066958769,35.53765862,NRP1;NT5E;JUN;MYC;RGS10;BACH2;TGFBR2
CTNNB1 20460455 ChIP-Seq HCT116 Human,8/824,9.28E-04,0.010307811,0,0,4.466386555,31.1885994,ZNRF1;KLHL6;MYC;BCL2;ZBTB20;EVL;TGFBR2;SMAD7
RNF2 18974828 ChIP-Seq MESCs Mouse,9/1066,0.001165408,0.012285821,0,0,3.923598772,26.50267076,NRP1;NT5E;JUN;BCL2;RGS10;AFF3;SSBP2;BACH2;TGFBR2
EZH2 18974828 ChIP-Seq MESCs Mouse,9/1066,0.001165408,0.012285821,0,0,3.923598772,26.50267076,NRP1;NT5E;JUN;BCL2;RGS10;AFF3;SSBP2;BACH2;TGFBR2
TAF15 26573619 Chip-Seq HEK293 Human,4/185,0.001170845,0.012285821,0,0,9.49747778,64.10825839,DIAPH2;EMB;AFF3;ADAMTS6
CEBPB 21427703 ChIP-Seq 3T3-L1 Mouse,11/1531,0.001176871,0.012285821,0,0,3.419871795,23.06667956,ZNRF1;JUN;IFITM2;NEURL3;MYC;SH3BP5;AFF3;REXO2;ADAMTS6;FOXP1;SMAD7
SA1 22415368 ChIP-Seq MEFs Mouse,11/1549,0.001294471,0.013306996,0,0,3.376546297,22.45286046,NRP1;CD96;IFITM2;MYC;MGAT5;SH3BP5;BCL2;SSBP2;CCR4;ADAMTS6;CD2AP
EP300 20729851 ChIP-Seq FORBRAIN MIDBRAIN LIMB HEART Mouse,10/1313,0.001319834,0.013306996,0,0,3.577705295,23.72107713,NRP1;JUN;ZBTB20;CCR7;EVL;EMB;BACH2;ADAMTS6;FOXP1;SMAD7
LEF1 29337183 ChIP-Seq mESC Mouse Stem,14/2335,0.001332631,0.013306996,0,0,2.953779501,19.55579293,JUN;SMURF2;LDLRAD4;AFF3;REXO2;SSH2;BACH2;FOXP1;TGFBR2;SMAD7;MGAT5;STK38;BCL2;CCR7
TAL1 22897851 ChIP-Seq JUKARTE6-1 Human,11/1569,0.001436426,0.01400781,0,0,3.329580988,21.79409612,PDLIM1;NT5E;JUN;TCF7;SH3BP5;DPH5;EMB;SSBP2;CCR4;CD2AP;TGFBR2
NANOG 18700969 ChIP-ChIP MESCs Mouse,4/196,0.001448445,0.01400781,0,0,8.948369565,58.49786203,PDLIM1;SOCS3;IFITM2;EMB
STAT3 23295773 ChIP-Seq U87 Human,15/2637,0.001463806,0.01400781,0,0,2.832298137,18.48560376,CLDND1;ZBTB20;AFF3;SSH2;BACH2;FOXP1;SMAD7;NT5E;DIAPH2;SLC17A9;KLHL6;MGAT5;SH3BP5;SSBP2;ADAMTS6
TP53 18474530 ChIP-ChIP U2OS Human,7/687,0.0015125,0.014275515,0,0,4.613201094,29.95808766,NRP1;CD96;MYC;MGAT5;CCR7;AFF3;FOXP1
UBF1/2 26484160 Chip-Seq FIBROBLAST Human,11/1583,0.001543284,0.014369223,0,0,3.297416324,21.34695495,NRP1;JUN;SMURF2;MYC;IL2RA;RGS10;ITGAE;AFF3;SSBP2;CD2AP;TGFBR2
CHD4 35695185 ChIP-Seq nicBasalRootGanglia Mouse Embryo,13/2119,0.001684341,0.01547348,0,0,2.976976977,19.01210869,NRP1;JUN;ZBTB20;LDLRAD4;AFF3;CD2AP;PDLIM1;ZNRF1;DIAPH2;MYC;STK38;RGS10;EMB
NCOR 22465074 ChIP-Seq MACROPHAGES Mouse,11/1604,0.001715849,0.015555525,0,0,3.250229369,20.69696446,SLFN5;JUN;NEURL3;MYC;MGAT5;SH3BP5;DPH5;ITGAE;CD69;SSH2;ADAMTS6
GATA2 21571218 ChIP-Seq MEGAKARYOCYTES Human,8/911,0.001761281,0.015729524,0,0,4.017718715,25.47922244,SOCS3;JUN;SH3BP5;ZBTB20;CCR7;EVL;AFF3;BACH2
GATA1 21571218 ChIP-Seq MEGAKARYOCYTES Human,13/2132,0.001780701,0.015729524,0,0,2.956557785,18.71722311,ZBTB20;AFF3;BACH2;FOXP1;TGFBR2;PDLIM1;ZNRF1;SOCS3;SLC17A9;BCL2;RGS10;DPH5;SSBP2
NR3C1 34362910 ChIP-Seq WistarRat Hippocampus Stress,7/709,0.001810603,0.015791207,0,0,4.463526138,28.1831301,SH3BP5;ZBTB20;ITGAE;AFF3;BACH2;FOXP1;SMAD7
TRP63 18441228 ChIP-ChIP KERATINOCYTES Mouse,Mar-99,0.001947943,0.016760952,0,0,13.20079787,82.38593569,JUN;EVL;SMAD7
RING1B 27294783 Chip-Seq NPCs Mouse,11/1632,0.001970446,0.016760952,0,0,3.189215268,19.86720215,SLFN5;SOCS3;JUN;MYC;TCF7;BCL2;TNFRSF25;SSH2;CD2AP;TGFBR2;SMAD7
KDM2B 26808549 Chip-Seq HPB-ALL Human,11/1636,0.002009232,0.016882452,0,0,3.180670611,19.7519726,NRP1;ZNRF1;JUN;SLC17A9;MYC;TCF7;BCL2;ITGAE;REXO2;BACH2;SMAD7
NANOG 18692474 ChIP-Seq MESCs Mouse,13/2172,0.002106651,0.017247233,0,0,2.895271835,17.84256414,IFITM2;ZBTB20;REXO2;BACH2;FOXP1;SMAD7;PDLIM1;SOCS3;NT5E;MYC;STK38;CCR7;EMB
ZFP281 27345836 Chip-Seq ESCs Mouse,11/1646,0.002108956,0.017247233,0,0,3.159491884,19.46740572,SLFN5;SOCS3;SLC17A9;MYC;MGAT5;TCF7;BCL2;EMB;SSBP2;ADAMTS6;SMAD7
SOX2 18555785 ChIP-Seq MESCs Mouse,5/365,0.002127743,0.017247233,0,0,6.046296296,37.2010084,PDLIM1;SOCS3;IFITM2;TCF7;STK38
KDM2B 26808549 Chip-Seq DND41 Human,11/1657,0.002223318,0.017607653,0,0,3.136492507,19.16006358,NRP1;ZNRF1;SOCS3;JUN;SLC17A9;MYC;IL2RA;EVL;ITGAE;FOXP1;SMAD7
SUZ12 27294783 Chip-Seq ESCs Mouse,11/1657,0.002223318,0.017607653,0,0,3.136492507,19.16006358,SLFN5;NEURL3;MYC;TCF7;SH3BP5;BCL2;RGS10;TNFRSF25;EMB;SSBP2;BACH2
HOXB4 20404135 ChIP-ChIP EML Mouse,9/1180,0.002351034,0.018407531,0,0,3.520255775,21.30775568,IFITM2;KLHL6;MYC;STK38;RGS10;DPH5;CD69;SSH2;TGFBR2
OLIG2 23332759 ChIP-Seq OLIGODENDROCYTES Mouse,11/1679,0.002467343,0.019101115,0,0,3.0914038,18.56268493,PDLIM1;NRP1;SMURF2;MYC;MGAT5;BCL2;ZBTB20;EMB;AFF3;CD2AP;TGFBR2
RNF2 27304074 Chip-Seq ESCs Mouse,9/1205,0.002709533,0.020742984,0,0,3.442083367,20.34608192,NRP1;SLFN5;SOCS3;JUN;BCL2;TNFRSF25;AFF3;SSBP2;BACH2
NUCKS1 24931609 ChIP-Seq HEPATOCYTES Mouse,6/570,0.002861122,0.021662781,0,0,4.687137331,27.45041388,SOCS3;JUN;MYC;SH3BP5;TGFBR2;SMAD7
BCL11B 21912641 ChIP-Seq STHDH STRIUM Mouse,Feb-32,0.002895921,0.021687931,0,0,27.66666667,161.6965065,ADAMTS6;FOXP1
ZFP281 18757296 ChIP-ChIP E14 Mouse,10/1466,0.00298738,0.022073687,0,0,3.175480769,18.46020813,NRP1;SLFN5;SOCS3;JUN;IFITM2;MYC;EMB;AFF3;REXO2;SMAD7
Nerf2 26677805 Chip-Seq MACROPHAGESS Mouse,8/993,0.003011504,0.022073687,0,0,3.66739183,21.29036669,NRP1;JUN;SH3BP5;ZBTB20;EVL;IL7R;BACH2;TGFBR2
EVI1 22308434 ChIP-Seq SKOV3 Human Ovary OvarianCancer,8/1010,0.003341537,0.024234934,0,0,3.601938979,20.53582302,SLFN5;NT5E;IFITM2;SSH2;SSBP2;ADAMTS6;TGFBR2;SMAD7
CEBPB 20176806 ChIP-Seq MACROPHAGES Mouse,10/1492,0.003392418,0.024347667,0,0,3.115384615,17.71473835,SLFN5;JUN;SMURF2;MGAT5;STK38;PPAN;EVL;BACH2;FOXP1;CD2AP
EP300 21415370 ChIP-Seq HL-1 Mouse,6/600,0.003682964,0.026160433,0,0,4.443526171,24.90168724,NRP1;MGAT5;SH3BP5;BACH2;FOXP1;SMAD7
NANOG 18692474 ChIP-Seq MEFs Mouse,10/1533,0.004119879,0.028965274,0,0,3.024786605,16.61192054,PDLIM1;SOCS3;NT5E;IFITM2;MYC;ZBTB20;CCR7;EMB;BACH2;SMAD7
TBX2 33478486 ChIP-Seq IMR90 Human Lung,13/2354,0.00428483,0.029820685,0,0,2.642864565,14.41068003,NRP1;JUN;TCF7;ITGAE;SSH2;SOCS3;SLC17A9;MYBBP1A;NEURL3;RGS10;TNFRSF25;EMB;SSBP2
SMC3 22415368 ChIP-Seq MEFs Mouse,10/1546,0.004374932,0.030143284,0,0,2.997070313,16.27967895,NRP1;SOCS3;JUN;IFITM2;MYC;MGAT5;BCL2;CCR7;SSH2;ADAMTS6
SOX2 21211035 ChIP-Seq LN229 Gbm,14/2673,0.004761694,0.032483238,0,0,2.528874681,13.5222769,NRP1;JUN;ZBTB20;AFF3;SSH2;FOXP1;CD2AP;TGFBR2;MYBBP1A;MGAT5;SH3BP5;BCL2;CCR4;ADAMTS6
SMC1 22415368 ChIP-Seq MEFs Mouse,10/1583,0.005170477,0.034926064,0,0,2.920692943,15.37683604,CD96;SOCS3;JUN;IFITM2;MYC;MGAT5;BCL2;SSH2;SSBP2;ADAMTS6
PPARG 20176806 ChIP-Seq THIOMACROPHAGE Mouse,6/645,0.005230757,0.034963738,0,0,4.12099872,21.64842733,SOCS3;JUN;MGAT5;STK38;CD69;TGFBR2
AR 21572438 ChIP-Seq LNCaP Human,3/141,0.005277545,0.034963738,0,0,9.16373728,48.05733405,JUN;MYBBP1A;ITGAE
KLF5 20875108 ChIP-Seq MESCs Mouse,10/1593,0.005404098,0.035461175,0,0,2.900663298,15.14319634,NT5E;IL2RA;BCL2;EVL;REXO2;SSH2;BACH2;CD2AP;TGFBR2;SMAD7
ESR1 30970003 ChIP-Seq MCF-7 Human BreastCancer,7/868,0.005551006,0.036081537,0,0,3.609188883,18.74531919,NRP1;SLFN5;ZNRF1;CLDND1;EVL;LDLRAD4;FOXP1
E2A 27217539 Chip-Seq RAMOS-Cell Line Human,10/1603,0.005646017,0.036356125,0,0,2.880885122,14.91378056,SOCS3;KLHL6;MGAT5;TCF7;CD69;AFF3;SSH2;IL7R;SSBP2;BACH2
RELA 24523406 ChIP-Seq FIBROSARCOMA Human,8/1104,0.005709397,0.036423838,0,0,3.276677094,16.92614041,ZNRF1;JUN;DIAPH2;MYC;IL2RA;BCL2;CCR7;CD69
UBF1/2 26484160 Chip-Seq HMECs Human,10/1614,0.005921954,0.037433266,0,0,2.859413965,14.66618839,PDLIM1;NRP1;SOCS3;NT5E;JUN;SLC17A9;MYC;ITGAE;BACH2;FOXP1
UTX 26944678 Chip-Seq JUKART Human,10/1621,0.00610303,0.037882773,0,0,2.845903166,14.51117452,PDLIM1;CD96;JUN;MGAT5;TCF7;SH3BP5;EVL;ITGAE;CD69;SSH2
SMRT 27268052 Chip-Seq Bcells Human,10/1621,0.00610303,0.037882773,0,0,2.845903166,14.51117452,SOCS3;DPH5;IL7R;SSBP2;CCR4;BACH2;FOXP1;CD2AP;TGFBR2;SMAD7
TRIM28 17542650 ChIP-ChIP NTERA2 Human,6/668,0.006185703,0.038053121,0,0,3.973084317,20.20517824,MGAT5;EVL;SSBP2;CCR4;BACH2;FOXP1
EZH2 27294783 Chip-Seq ESCs Mouse,10/1649,0.00687152,0.04189803,0,0,2.793014033,13.91024307,NRP1;SLFN5;JUN;NEURL3;MYC;SH3BP5;BCL2;RGS10;TNFRSF25;BACH2
NANOG 18347094 ChIP-ChIP MESCs Mouse,9/1399,0.007213921,0.043599924,0,0,2.931040533,14.45513776,PDLIM1;SOCS3;IFITM2;MYC;TCF7;EMB;ADAMTS6;FOXP1;SMAD7
RXRA 24833708 ChIP-Seq LIVER Mouse,9/1434,0.008435604,0.050540269,0,0,2.853658537,13.62705849,PDLIM1;SLFN5;SOCS3;MYBBP1A;TCF7;STK38;SSH2;FOXP1;TGFBR2
STAT5A 24692510 ChIP-Seq Epithelium Mouse Mammary,Nov-77,0.008522029,0.050617911,0,0,2.580066255,12.29427597,NRP1;ZNRF1;SOCS3;JUN;MYC;SH3BP5;EVL;EMB;REXO2;ADAMTS6;CD2AP
SUZ12 16625203 ChIP-ChIP MESCs Mouse,7/944,0.008665612,0.051030828,0,0,3.303243901,15.6850992,NRP1;SLFN5;NT5E;JUN;MYC;RGS10;BACH2
POU5F1 18700969 ChIP-ChIP MESCs Mouse,4/330,0.009232692,0.053437173,0,0,5.234462523,24.52348128,PDLIM1;IFITM2;EMB;TGFBR2
WT1 19549856 ChIP-ChIP CCG9911 Human,3/173,0.009256239,0.053437173,0,0,7.426783479,34.77559741,NRP1;JUN;SSBP2
TAL1 30185409 ChIP-Seq K562 Mouse BoneMarrow Leukemia,7/957,0.00930691,0.053437173,0,0,3.255813953,15.22743592,ZNRF1;JUN;MYC;MGAT5;SH3BP5;CCR4;CD2AP
LYL1 30185409 ChIP-Seq K562 Mouse BoneMarrow Leukemia,7/960,0.009459759,0.053551961,0,0,3.245052344,15.12424246,ZNRF1;JUN;MYC;MGAT5;SH3BP5;CCR4;CD2AP
CEBPB 26923725 Chip-Seq HEMOGENIC-ENDOTHELIUM Mouse,9/1461,0.00948235,0.053551961,0,0,2.7965128,13.02706013,SMURF2;KLHL6;MYC;RGS10;AFF3;SSBP2;ADAMTS6;FOXP1;SMAD7
FOXP2 23625967 ChIP-Seq PFSK-1 AND SK-N-MC Human,6/733,0.009572986,0.053624287,0,0,3.605664624,16.76205019,MYC;STK38;BACH2;FOXP1;TGFBR2;SMAD7
NR0B1 18358816 ChIP-ChIP MESCs Mouse,8/1210,0.009739916,0.053908798,0,0,2.97092148,13.75989041,PDLIM1;NRP1;SOCS3;IFITM2;STK38;EVL;EMB;SMAD7
SOX2 18692474 ChIP-Seq MESCs Mouse,2-Dec,0.009780261,0.053908798,0,0,2.435302229,11.26909104,PDLIM1;SOCS3;NT5E;IFITM2;MYC;TCF7;STK38;BCL2;ZBTB20;EMB;FOXP1;SMAD7
NKX2-5 21415370 ChIP-Seq HL-1 Mouse,7/980,0.010526644,0.057562365,0,0,3.175004183,14.45847908,PDLIM1;NRP1;NT5E;SMURF2;MYC;EVL;FOXP1
TAL1 20566737 ChIP-Seq PRIMARY FETAL LIVER ERYTHROID Mouse,9/1492,0.010803895,0.058613255,0,0,2.733467099,12.37672515,SLFN5;JUN;MYBBP1A;MYC;PPAN;RGS10;AFF3;TGFBR2;SMAD7
GATA2 21186366 ChIP-Seq BM-HSCs Mouse,9/1495,0.010938867,0.058667236,0,0,2.727505498,12.31586859,SOCS3;SMURF2;TCF7;ZBTB20;CCR7;EVL;SSH2;SSBP2;ADAMTS6
FLI1 21867929 ChIP-Seq TH2 Mouse,9/1496,0.010984141,0.058667236,0,0,2.725523644,12.29566228,SOCS3;SMURF2;TCF7;EVL;EMB;SSH2;IL7R;SSBP2;ADAMTS6
SMAD1 26771354 ChIP-Seq mESC Mouse Stem,7/994,0.011324425,0.05985699,0,0,3.127659574,14.01439646,PDLIM1;CLDND1;SLC17A9;LDLRAD4;EMB;ADAMTS6;FOXP1
SALL4 18804426 ChIP-ChIP MESCs Mouse,6/761,0.011380647,0.05985699,0,0,3.466887417,15.51723688,PDLIM1;STK38;RGS10;EMB;BACH2;SMAD7
ESR1 17901129 ChIP-ChIP LIVER Mouse,4/354,0.011719336,0.060660831,0,0,4.869565217,21.65259532,NT5E;MYBBP1A;SH3BP5;ADAMTS6
MYB 21317192 ChIP-Seq ERMYB Mouse,6/767,0.011797607,0.060660831,0,0,3.438478079,15.26635629,NT5E;MYC;MGAT5;TCF7;BCL2;CD69
TBX3 20139965 ChIP-Seq ESCs Mouse,6/767,0.011797607,0.060660831,0,0,3.438478079,15.26635629,ZNRF1;NT5E;IFITM2;MYC;STK38;ADAMTS6
TBX3 20139965 ChIP-Seq MESCs Mouse,6/770,0.012010117,0.061296077,0,0,3.424440743,15.14289724,ZNRF1;NT5E;IFITM2;MYC;STK38;ADAMTS6
KAP1 22055183 ChIP-Seq ESCs Mouse,7/1009,0.012227457,0.061725005,0,0,3.078401337,13.55749896,JUN;IFITM2;SLC17A9;PPAN;SH3BP5;DPH5;AFF3
SUZ12 20075857 ChIP-Seq MESCs Mouse,16/3611,0.012273332,0.061725005,0,0,2.140881944,9.420579568,NRP1;SLFN5;JUN;TCF7;BACH2;TGFBR2;ZNRF1;NT5E;NEURL3;MYC;SH3BP5;BCL2;RGS10;TNFRSF25;EVL;SSBP2
MECOM 23826213 ChIP-Seq KASUMI Mouse,9/1527,0.012459758,0.0622085,0,0,2.665381278,11.68836652,SLFN5;ZNRF1;JUN;KLHL6;PPAN;CD69;AFF3;FOXP1;SMAD7
SUZ12 18692474 ChIP-Seq MEFs Mouse,7/1019,0.012857989,0.063159216,0,0,3.046373748,13.26327138,NRP1;NT5E;JUN;BCL2;RGS10;BACH2;TGFBR2
GATA3 30127528 ChIP-Seq BE2C Human Brain Neuroblastoma,6/782,0.012887433,0.063159216,0,0,3.369376757,14.66185192,NRP1;CLDND1;KLHL6;DPH5;REXO2;SMAD7
SMAD3 21741376 ChIP-Seq EPCs Human,8/1272,0.012925181,0.063159216,0,0,2.815852923,12.24495575,PDLIM1;ZNRF1;JUN;STK38;SH3BP5;BACH2;TGFBR2;SMAD7
RAD21 21589869 ChIP-Seq MESCs Mouse,9/1546,0.013435475,0.063726177,0,0,2.629718965,11.33371194,PDLIM1;NRP1;SOCS3;JUN;IFITM2;MYC;REXO2;SSH2;ADAMTS6
FOXA1 27270436 ChIP-Seq LNCaP Human Prostate Carcinoma,10/1822,0.013447552,0.063726177,0,0,2.502483444,10.78309655,NRP1;MYC;DPH5;ITGAE;AFF3;REXO2;SSH2;SSBP2;ADAMTS6;FOXP1
MYC 27129775 Chip-Seq CORNEA Mouse,9/1547,0.013488377,0.063726177,0,0,2.627866409,11.31540075,SOCS3;JUN;SLC17A9;NEURL3;MYC;MGAT5;BCL2;ADAMTS6;TGFBR2
CTBP2 25329375 ChIP-Seq LNCAP Human,6/790,0.013496956,0.063726177,0,0,3.333603896,14.35213509,NEURL3;BCL2;DPH5;EMB;SSH2;ADAMTS6
CTCF 33576154 ChIP-Seq Human HilarLN ProstateCancer,16/3649,0.013528847,0.063726177,0,0,2.113566814,9.094532301,SLFN5;JUN;CLDND1;SMURF2;TCF7;ZBTB20;ITGAE;SSH2;CD2AP;ZNRF1;SOCS3;NEURL3;MYC;SH3BP5;RGS10;SSBP2
ESR2 21235772 ChIP-Seq MCF-7 Human,4/370,0.013596151,0.063726177,0,0,4.652886671,19.99796055,PDLIM1;SOCS3;MYC;BCL2
RUNX2 22187159 ChIP-Seq PCA Human,13/2722,0.014254541,0.066360666,0,0,2.236119841,9.505029374,NRP1;JUN;ZBTB20;AFF3;SSH2;TGFBR2;NT5E;DIAPH2;KLHL6;MGAT5;DPH5;EVL;ADAMTS6
NRF2 31884422 ChIP-Seq A549 Human Lung Carcinoma,9/1563,0.014356336,0.066386009,0,0,2.598549769,11.02711203,NRP1;CD96;SLFN5;SMURF2;MYC;ZBTB20;TNFRSF25;CCR4;TGFBR2
SOX2 18692474 ChIP-Seq MEFs Mouse,9/1566,0.014523641,0.066711925,0,0,2.593119977,10.97402549,PDLIM1;SOCS3;NT5E;MYC;TCF7;BCL2;ZBTB20;EMB;SMAD7
GATA1 30185409 ChIP-Seq K562 Mouse BoneMarrow Leukemia,6/810,0.015109427,0.068943012,0,0,3.247286296,13.61404145,ZNRF1;JUN;MYC;MGAT5;CCR4;CD2AP
PCGF2 27294783 Chip-Seq ESCs Mouse,4/385,0.015521158,0.070355777,0,0,4.466278672,18.6045122,NEURL3;MGAT5;BCL2;AFF3
SOX2 18358816 ChIP-ChIP MESCs Mouse,5/591,0.015715379,0.07055966,0,0,3.671596511,15.24856424,PDLIM1;SOCS3;IFITM2;TCF7;STK38
NOTCH1 21737748 ChIP-Seq TLL Human,3/211,0.015770955,0.07055966,0,0,6.058306056,25.13945804,JUN;MYC;IL7R
ERA 27197147 Chip-Seq ENDOMETRIOID-ADENOCARCINOMA Human,6/822,0.016139316,0.071741861,0,0,3.197526738,13.19458454,NRP1;RGS10;CCR7;EVL;AFF3;SMAD7
SMAD3 22036565 ChIP-Seq ESCs Mouse,6/844,0.018153134,0.079356516,0,0,3.11000217,12.46772521,ZNRF1;SOCS3;IFITM2;SLC17A9;FOXP1;SMAD7
CREB1 26743006 Chip-Seq LNCaP-abl Human,9/1626,0.018186197,0.079356516,0,0,2.488755147,9.972671761,NRP1;SOCS3;JUN;NEURL3;TCF7;BCL2;RGS10;CCR4;SMAD7
MEIS1 20887958 ChIP-Seq HPC-7 Mouse,7/1092,0.018197866,0.079356516,0,0,2.830457614,11.34008963,NEURL3;MGAT5;CCR7;ITGAE;SSH2;SSBP2;SMAD7
TCF21 26020271 ChIP-Seq SMOOTH MUSCLE Human,9/1629,0.018385722,0.079671462,0,0,2.483739837,9.92547367,SLFN5;SOCS3;NT5E;JUN;DIAPH2;TCF7;ZBTB20;SSH2;TGFBR2
MAF 26560356 Chip-Seq TH1 Human,9/1631,0.018519636,0.079750183,0,0,2.480406604,9.894152697,SLFN5;JUN;IFITM2;PPAN;CCR7;SSH2;IL7R;TGFBR2;SMAD7
SOX2 20726797 ChIP-Seq SW620 Human,31-Oct,0.01956163,0.083714055,0,0,2.346304008,9.230794742,PDLIM1;SLFN5;ZNRF1;NT5E;JUN;MYBBP1A;SH3BP5;EVL;SSBP2;SMAD7
NANOG 18358816 ChIP-ChIP MESCs Mouse,6/865,0.020232037,0.085717261,0,0,3.030638163,11.82096758,PDLIM1;SOCS3;IFITM2;STK38;EMB;BACH2
SUZ12 18555785 ChIP-Seq MESCs Mouse,6/866,0.020334941,0.085717261,0,0,3.026955603,11.79124719,NRP1;BCL2;RGS10;SSBP2;BACH2;TGFBR2
TP53 23651856 ChIP-Seq MEFs Mouse,Dec-41,0.020402947,0.085717261,0,0,2.175313729,8.466486149,PDLIM1;NRP1;SOCS3;MGAT5;ZBTB20;AFF3;SSH2;SSBP2;CCR4;BACH2;FOXP1;TGFBR2
STAT3 24763339 ChIP-Seq IMN-ESCs Mouse,8/1398,0.021693148,0.090585327,0,0,2.543336759,9.742909741,PDLIM1;JUN;MYC;STK38;EVL;EMB;CD2AP;SMAD7
RACK7 27058665 Chip-Seq MCF-7 Human,9/1679,0.021954655,0.091125043,0,0,2.402804148,9.175771049,PDLIM1;NRP1;ZNRF1;SOCS3;JUN;BCL2;DPH5;FOXP1;SMAD7
LMO2 26923725 Chip-Seq HEMANGIOBLAST Mouse,8/1404,0.022196245,0.091491806,0,0,2.531586847,9.639857821,CD96;SOCS3;JUN;KLHL6;MYC;AFF3;BACH2;SMAD7
NR3C1 34362910 ChIP-Seq WistarRat Hippocampus,5/647,0.022308597,0.091491806,0,0,3.341640706,12.70753499,SH3BP5;ZBTB20;ITGAE;AFF3;SMAD7
TCFAP2C 20176728 ChIP-ChIP TROPHOBLAST STEM CELLS Mouse,Oct-80,0.022903277,0.093374897,0,0,2.281725888,8.616881455,PDLIM1;CD96;NT5E;SMURF2;MYC;MGAT5;BCL2;RGS10;EVL;EMB
STAT3 1855785 ChIP-Seq MESCs Mouse,4/435,0.023149621,0.093824052,0,0,3.938061132,14.82985953,SOCS3;MYC;STK38;SMAD7
EWS 26573619 Chip-Seq HEK293 Human,5/656,0.023513966,0.094743409,0,0,3.29390681,12.35267992,PDLIM1;NEURL3;MYC;AFF3;CD2AP
WT1 25993318 ChIP-Seq PODOCYTE Human,13/2909,0.023783499,0.095272271,0,0,2.069042108,7.735658634,JUN;ZBTB20;AFF3;REXO2;BACH2;FOXP1;TGFBR2;SMAD7;SOCS3;MGAT5;SH3BP5;BCL2;EVL
FLI1 21867929 ChIP-Seq CD8 Mouse,8/1426,0.024112728,0.095598139,0,0,2.489354557,9.272884181,SLFN5;SOCS3;SMURF2;MYC;IL2RA;TCF7;AFF3;IL7R
SPI1 23127762 ChIP-Seq K562 Human,7/1157,0.024142346,0.095598139,0,0,2.661274014,9.91001997,SH3BP5;RGS10;EVL;AFF3;SSH2;BACH2;ADAMTS6
AR 27270436 ChIP-Seq VCaP Human Prostate Carcinoma,15/3565,0.024425146,0.096165287,0,0,1.979879276,7.349593258,NRP1;SLFN5;JUN;ZBTB20;LDLRAD4;REXO2;SSH2;FOXP1;CD2AP;TGFBR2;MYC;RGS10;DPH5;EMB;SSBP2
LDB1 21186366 ChIP-Seq BM-HSCs Mouse,8/1435,0.024929806,0.097594525,0,0,2.472453032,9.127532994,NT5E;SMURF2;NEURL3;RGS10;ITGAE;SSH2;ADAMTS6;SMAD7
RARA 24833708 ChIP-Seq LIVER Mouse,8/1437,0.025114024,0.09776024,0,0,2.468726049,9.095598644,PDLIM1;SLFN5;MYBBP1A;KLHL6;TCF7;CD69;CD2AP;SMAD7
TP63 23658742 ChIP-Seq EP156T Human,13/2937,0.025550968,0.098902341,0,0,2.045864606,7.502349369,NRP1;CD96;TCF7;BACH2;SMAD7;PDLIM1;NT5E;MYC;DPH5;CCR7;EMB;SSBP2;CCR4
FOXA1 27197147 Chip-Seq ENDOMETRIOID-ADENOCARCINOMA Human,4/462,0.028076514,0.10807105,0,0,3.700778432,13.22222209,NRP1;NT5E;TGFBR2;SMAD7
SPI1 26923725 Chip-Seq HPCs Mouse,8/1473,0.028597667,0.109465516,0,0,2.403380465,8.542647924,SOCS3;CLDND1;SMURF2;KLHL6;TCF7;RGS10;IL7R;TGFBR2
SCL 21571218 ChIP-Seq MEGAKARYOCYTES Human,8/1478,0.029107079,0.110228791,0,0,2.394557823,8.469009579,PDLIM1;ZNRF1;JUN;IL2RA;SH3BP5;RGS10;CCR4;TGFBR2
ER 23166858 ChIP-Seq MCF-7 Human,5/695,0.029226072,0.110228791,0,0,3.101449275,10.95647149,MYC;CCR7;EVL;EMB;SSH2
AR 25329375 ChIP-Seq VCAP Human,8/1481,0.02941577,0.110228791,0,0,2.389292988,8.425183094,NRP1;CD96;JUN;MYC;MGAT5;DPH5;BACH2;TGFBR2
JUN 21703547 ChIP-Seq K562 Human,7/1206,0.029437007,0.110228791,0,0,2.545861862,8.975442786,SLFN5;NT5E;CLDND1;MYC;TCF7;CCR7;CD2AP
PHC1 16625203 ChIP-ChIP MESCs Mouse,5/700,0.030017009,0.111336189,0,0,3.07833733,10.79262325,NRP1;JUN;MYC;RGS10;BACH2
MBD3 35695185 ChIP-Seq nicBasalRootGanglia Mouse Embryo,15/3656,0.030055923,0.111336189,0,0,1.919684545,6.727909822,NRP1;PPAN;LDLRAD4;AFF3;BACH2;FOXP1;CD2AP;SMAD7;ZNRF1;MYC;MGAT5;STK38;RGS10;EMB;SSBP2
JARID2 20064375 ChIP-Seq MESCs Mouse,6/951,0.030449154,0.112189665,0,0,2.742424242,9.575714652,NRP1;NT5E;BCL2;RGS10;AFF3;SSBP2
BCAT 22108803 ChIP-Seq LS180 Human,4/482,0.032102835,0.117653476,0,0,3.542295798,12.1812855,MYC;SSH2;SSBP2;TGFBR2
STAT5B 24692510 ChIP-Seq Epithelium Mouse Mammary,4/484,0.032523302,0.118563782,0,0,3.527173913,12.08338702,ZNRF1;SOCS3;SH3BP5;CD2AP
LMO2 26923725 Chip-Seq HEMOGENIC-ENDOTHELIUM Mouse,8/1517,0.033301112,0.120760348,0,0,2.327747799,7.919380896,SOCS3;SMURF2;KLHL6;AFF3;SSBP2;ADAMTS6;CD2AP;SMAD7
MNX1 26342078 ChIP-Seq MIN6-4N Mouse,8/1533,0.035137293,0.126104331,0,0,2.301327088,7.705975872,SLFN5;SOCS3;SMURF2;MYC;MGAT5;STK38;EMB;SSBP2
SMAD3 21741376 ChIP-Seq HESCs Human,6/984,0.03514083,0.126104331,0,0,2.645287228,8.857457509,PDLIM1;KLHL6;SH3BP5;AFF3;TGFBR2;SMAD7
ZFP57 27257070 Chip-Seq ESCs Mouse,5/744,0.037567977,0.134115733,0,0,2.888437829,9.478706991,NRP1;MGAT5;BCL2;EVL;TGFBR2
SUZ12 18974828 ChIP-Seq MESCs Mouse,8/1564,0.038891644,0.136652241,0,0,2.251683193,7.311160946,NRP1;NT5E;JUN;BCL2;RGS10;AFF3;BACH2;TGFBR2
SMAD2/3 21741376 ChIP-Seq EPCs Human,8/1567,0.039268952,0.136652241,0,0,2.24698372,7.274207818,PDLIM1;NRP1;JUN;SMURF2;STK38;CCR4;BACH2;TGFBR2
FOXP1 22492998 ChIP-Seq STRATIUM Mouse,16-Jan,0.039272921,0.136652241,0,0,27.12244898,87.8013353,FOXP1
GF1B 26923725 Chip-Seq HPCs Mouse,7/1284,0.039423503,0.136652241,0,0,2.380415582,7.696819337,SOCS3;JUN;KLHL6;RGS10;AFF3;BACH2;SMAD7
SMAD4 21799915 ChIP-Seq A2780 Human,Oct-67,0.039587777,0.136652241,0,0,2.062239221,6.659454787,NRP1;CD96;DIAPH2;MGAT5;ZBTB20;ITGAE;AFF3;SSBP2;BACH2;FOXP1
SPI1 22790984 ChIP-Seq ERYTHROLEUKEMIA Mouse,8/1572,0.039903342,0.136652241,0,0,2.239191329,7.213096251,CLDND1;KLHL6;MYC;PPAN;SH3BP5;RGS10;CCR7;AFF3
PU 27001747 Chip-Seq BMDM Mouse,8/1573,0.040031054,0.136652241,0,0,2.237638825,7.200944978,KLHL6;NEURL3;MGAT5;SH3BP5;BCL2;CCR7;ITGAE;SSH2
SOX2 27498859 Chip-Seq STOMACH Mouse,8/1573,0.040031054,0.136652241,0,0,2.237638825,7.200944978,PDLIM1;TCF7;STK38;TNFRSF25;REXO2;FOXP1;CD2AP;SMAD7
YAP1 20516196 ChIP-Seq MESCs Mouse,9/1868,0.040063502,0.136652241,0,0,2.136199635,6.872772745,ZNRF1;MYC;MGAT5;ZBTB20;DPH5;AFF3;IL7R;SSBP2;BACH2
FOXM1 26100407 CHIP-SEQ Hek293 Flp-In Human,8/1577,0.04054469,0.137612271,0,0,2.231448602,7.152574823,PDLIM1;NRP1;SOCS3;MYC;SSBP2;ADAMTS6;FOXP1;CD2AP
GATA3 22897851 ChIP-Seq JUKARTE6-1 Human,8/1587,0.041848365,0.141340802,0,0,2.216110257,7.033274759,SOCS3;IL2RA;TCF7;SH3BP5;EMB;IL7R;BACH2;TGFBR2
SPI1 22096565 ChIP-ChIP GC-B Mouse,6/1032,0.042772237,0.143001208,0,0,2.515151515,7.927420664,CLDND1;SH3BP5;CCR7;CD69;SSH2;ADAMTS6
FOXM1 26456572 ChIP-Seq MCF-7 Human,8/1595,0.04291157,0.143001208,0,0,2.203978756,6.939477906,NRP1;ZNRF1;MYC;EVL;AFF3;SSBP2;CD2AP;TGFBR2
VDR 24763502 ChIP-Seq THP-1 Human,6/1034,0.043111426,0.143001208,0,0,2.509992925,7.891335456,MYC;BCL2;EVL;EMB;AFF3;CD2AP
CDH4 35650610 ChIP-Seq mESC Mouse Stem Autism,5/774,0.043336613,0.143001208,0,0,2.771420315,8.698816118,SOCS3;SLC17A9;RGS10;SSH2;CD2AP
RUNX1 21571218 ChIP-Seq MEGAKARYOCYTES Human,16/4172,0.043515064,0.143001208,0,0,1.788371171,5.605914295,CD96;CLDND1;ZBTB20;REXO2;BACH2;TGFBR2;SMAD7;PDLIM1;SOCS3;NEURL3;MGAT5;SH3BP5;RGS10;EVL;CD69;SSBP2
RUNX2 24764292 ChIP-Seq MC3T3 Mouse,8/1600,0.043585274,0.143001208,0,0,2.196458483,6.881583375,SOCS3;SMURF2;MYC;AFF3;SSBP2;CCR4;FOXP1;CD2AP
BP1 19119308 ChIP-ChIP Hs578T Human,18-Jan,0.044074495,0.143920981,0,0,23.92917167,74.70385911,IL2RA
FOXA1 33576154 ChIP-Seq Human HilarLN ProstateCancer,5/781,0.044756153,0.145457499,0,0,2.745418099,8.528713627,JUN;ITGAE;LDLRAD4;AFF3;FOXP1
TET1 21490601 ChIP-Seq MESCs Mouse,8/1618,0.046069654,0.148780214,0,0,2.169772257,6.677692864,SOCS3;JUN;SMURF2;STK38;SH3BP5;SSH2;SSBP2;SMAD7
SOX9 25088423 ChIP-ChIP EMBRYONIC GONADS Mouse,8/1619,0.0462104,0.148780214,0,0,2.168307174,6.666569676,SOCS3;NT5E;TCF7;DPH5;TNFRSF25;EVL;REXO2;SSH2
IRF4 20064451 ChIP-Seq CD4+T Mouse,5/795,0.047679313,0.152088178,0,0,2.694796062,8.200958785,SLFN5;JUN;BCL2;BACH2;ADAMTS6
CBP 20019798 ChIP-Seq JUKART Human,5/795,0.047679313,0.152088178,0,0,2.694796062,8.200958785,SLFN5;JUN;BCL2;BACH2;ADAMTS6
SMAD4 19686287 ChIP-ChIP HaCaT Human,3/326,0.047948038,0.152240544,0,0,3.878598248,11.78177509,RGS10;ADAMTS6;SMAD7
GATA6 25053715 ChIP-Seq YYC3 Human,8/1639,0.049086099,0.154892665,0,0,2.139382792,6.448483532,PDLIM1;NRP1;SLFN5;JUN;IFITM2;MYC;FOXP1;SMAD7
PBX1 22567123 ChIP-ChIP OVCAR3 Human,8/1640,0.049232937,0.154892665,0,0,2.137955182,6.437794453,SLFN5;CLDND1;PPAN;RGS10;ZBTB20;EMB;CD69;BACH2
FOXA1 33576154 ChIP-Seq Human Liver ProstateCancer,Sep-44,0.049649073,0.15549187,0,0,2.043675553,6.136698995,JUN;DIPK1A;CLDND1;MYC;MGAT5;STK38;ZBTB20;AFF3;FOXP1
CTCF 21964334 Chip-Seq Bcells Human,8/1646,0.050120105,0.156256797,0,0,2.129426129,6.374081638,IFITM2;KLHL6;MYC;RGS10;TNFRSF25;SSH2;ADAMTS6;FOXP1
KDM2B 26808549 Chip-Seq SIL-ALL Human,8/1652,0.051017825,0.157629065,0,0,2.120959333,6.311084583,SOCS3;JUN;SLC17A9;MYC;IL2RA;RGS10;EVL;SMAD7
ATF3 23680149 ChIP-Seq GBM1-GSC Human,8/1652,0.051017825,0.157629065,0,0,2.120959333,6.311084583,PDLIM1;NT5E;JUN;CLDND1;MYC;SH3BP5;IL7R;TGFBR2
MITF 21258399 ChIP-Seq MELANOMA Human,17/4614,0.051909666,0.159668572,0,0,1.720496239,5.089658441,SLFN5;JUN;TCF7;ZBTB20;AFF3;SSH2;BACH2;SMAD7;SOCS3;KLHL6;MGAT5;BCL2;RGS10;DPH5;TNFRSF25;IL7R;CCR4
GF1 26923725 Chip-Seq HPCs Mouse,6/1089,0.053118545,0.162019099,0,0,2.375598086,6.972924802,SOCS3;JUN;AFF3;BACH2;ADAMTS6;SMAD7
GATA3 21867929 ChIP-Seq TH1 Mouse,7/1372,0.053144146,0.162019099,0,0,2.216457961,6.504744083,SLC17A9;MYBBP1A;KLHL6;STK38;PPAN;CD69;SMAD7
MYCN 18555785 ChIP-Seq MESCs Mouse,8/1668,0.053463617,0.162101264,0,0,2.098680436,6.14651853,PDLIM1;SOCS3;SMURF2;MYBBP1A;DPH5;REXO2;CD2AP;SMAD7
ASH2L 23239880 ChIP-Seq MESCs Mouse,3-Nov,0.053641637,0.162101264,0,0,1.888829535,5.525638014,PDLIM1;CD96;ZNRF1;SOCS3;IFITM2;STK38;EMB;SSBP2;CCR4;BACH2;SMAD7
KDM2B 26808549 Chip-Seq K562 Human,8/1673,0.054243477,0.163204172,0,0,2.091806092,6.096093052,SOCS3;JUN;MYC;MGAT5;TNFRSF25;SSBP2;BACH2;SMAD7
ESR1 20056654 ChIP-Seq MCF-7 Human BreastCancer,5/827,0.054784026,0.164113888,0,0,2.585563666,7.509398945,NRP1;ZNRF1;SLC17A9;RGS10;FOXP1
SMARCA4 20176728 ChIP-ChIP TSCs Mouse,5/830,0.055480386,0.16548046,0,0,2.575757576,7.448384432,PDLIM1;CD96;SMURF2;MGAT5;SMAD7
SMARCD1 25818293 ChIP-Seq ESCs Mouse,8/1683,0.055825529,0.165792196,0,0,2.078180526,5.996639795,ZNRF1;KLHL6;MGAT5;BCL2;ZBTB20;AFF3;FOXP1;TGFBR2
RBPJ 22232070 ChIP-Seq NCS Mouse,24-Jan,0.058338553,0.172511858,0,0,17.68145519,50.24171555,AFF3
MYC 18940864 ChIP-ChIP HL60 Human,4/587,0.058614126,0.172586039,0,0,2.888656872,8.194482732,MYC;ZBTB20;AFF3;SMAD7
GATA2 21666600 ChIP-Seq HMVEC Human,4/588,0.058910082,0.172719346,0,0,2.883561644,8.165505609,SLFN5;IFITM2;KLHL6;ADAMTS6
PIAS1 25552417 ChIP-Seq VCAP Human,4/589,0.05920685,0.172853896,0,0,2.878483835,8.136662184,JUN;ZBTB20;REXO2;CCR4
ASXL1 24218140 ChIP-Seq BMDM Mouse,4/593,0.060402042,0.175076298,0,0,2.858345021,8.02260949,NEURL3;DPH5;LDLRAD4;SMAD7
GATA1 26923725 Chip-Seq HPCs Mouse,2/160,0.060697856,0.175076298,0,0,5.219409283,14.62398573,SOCS3;SMAD7
CDX2 20551321 ChIP-Seq CACO-2 Human,3/360,0.060973902,0.175076298,0,0,3.503128911,9.799335237,JUN;MYC;FOXP1
TCF21 26020271 ChIP-Seq HCASMC Human CoronaryArtery,6/1129,0.061231773,0.175076298,0,0,2.286124828,6.385350246,DIPK1A;ZBTB20;SSH2;ADAMTS6;FOXP1;TGFBR2
RNF2 16625203 ChIP-ChIP MESCs Mouse,5/854,0.061238589,0.175076298,0,0,2.499803691,6.981896084,NRP1;NT5E;JUN;MYC;BACH2
TAL1 26923725 Chip-Seq HPCs Mouse,7/1420,0.061777268,0.17588652,0,0,2.135634227,5.946075123,PDLIM1;SOCS3;JUN;RGS10;EMB;SSBP2;SMAD7
RARB 24833708 ChIP-Seq LIVER Mouse,7/1424,0.062534094,0.177308604,0,0,2.129146083,5.902085281,PDLIM1;SLFN5;SOCS3;CLDND1;SLC17A9;TCF7;CCR4
PPARD 23176727 ChIP-Seq KERATINOCYTES Mouse,2/164,0.063384265,0.178982617,0,0,5.089506173,14.03960452,NRP1;SH3BP5
SOX2 22085726 ChIP-Seq NPCs Mouse,7/1430,0.063680188,0.179084284,0,0,2.11948226,5.836803582,MYBBP1A;MYC;IL2RA;TCF7;BCL2;TNFRSF25;ADAMTS6
KLF4 25985364 ChIP-Seq ATHEROSCLEROSIS LESION Mouse,5/865,0.063989054,0.179221375,0,0,2.466408269,6.780262979,NT5E;SMURF2;TCF7;BACH2;TGFBR2
NFE2L2 20460467 ChIP-Seq MEFs Mouse,5/870,0.065262369,0.180312319,0,0,2.451509313,6.691001647,SOCS3;SH3BP5;RGS10;ZBTB20;FOXP1
NRF2 20460467 ChIP-Seq MEFs Mouse,5/870,0.065262369,0.180312319,0,0,2.451509313,6.691001647,SOCS3;SH3BP5;RGS10;ZBTB20;FOXP1
RUNX1 20887958 ChIP-Seq HPC-7 Mouse,5/870,0.065262369,0.180312319,0,0,2.451509313,6.691001647,NEURL3;STK38;CCR7;EVL;EMB
TP63 19390658 ChIP-ChIP HaCaT Human,2/167,0.06542537,0.180312319,0,0,4.996212121,13.62389695,AFF3;SMAD7
GATA1 19941827 ChIP-Seq MEL Mouse,7/1453,0.068194565,0.18719544,0,0,2.083180546,5.59415305,NRP1;MGAT5;PPAN;BCL2;AFF3;CCR4;BACH2
CTBP1 25329375 ChIP-Seq LNCAP Human,5/885,0.069168822,0.188896059,0,0,2.407828283,6.431803119,NEURL3;DPH5;EVL;EMB;SSH2
CEBPB 24764292 ChIP-Seq MC3T3 Mouse,7/1461,0.069809899,0.188896059,0,0,2.07082307,5.51248849,JUN;MYC;TCF7;STK38;TNFRSF25;EVL;BACH2
KAP1 27257070 Chip-Seq ESCs Mouse,7/1461,0.069809899,0.188896059,0,0,2.07082307,5.51248849,PDLIM1;ZNRF1;SOCS3;SLC17A9;SMURF2;MGAT5;SMAD7
SPI1 23547873 ChIP-Seq NB4 Human,23-Nov,0.070035688,0.188896059,0,0,1.792772861,4.766535446,DIAPH2;IFITM2;CLDND1;SLC17A9;SMURF2;MYBBP1A;STK38;RGS10;CCR7;IL7R;FOXP1
RUNX1 30185409 ChIP-Seq HPC Mouse BoneMarrow Leukemia,24-Nov,0.070184893,0.188896059,0,0,1.79200809,4.760688469,PDLIM1;SMURF2;MYC;STK38;RGS10;ZBTB20;ITGAE;LDLRAD4;AFF3;SSBP2;CCR4
SMARCA4 23332759 ChIP-Seq OLIGODENDROCYTES Mouse,Sep-89,0.072001182,0.192598019,0,0,1.885905253,4.961953917,CD96;MYC;MGAT5;BCL2;ZBTB20;EMB;AFF3;SSH2;FOXP1
STAT5 23275557 ChIP-Seq MAMMARY-EPITHELIUM Mouse,5/897,0.0723872,0.192598019,0,0,2.373941206,6.233318641,NRP1;SOCS3;REXO2;ADAMTS6;CD2AP
NR1I2 20693526 ChIP-Seq LIVER Mouse,4/631,0.072398965,0.192598019,0,0,2.679841897,7.036094467,NRP1;IL2RA;FOXP1;TGFBR2
GFI1B 20887958 ChIP-Seq HPC-7 Mouse,7/1475,0.072692906,0.192636201,0,0,2.049521577,5.372844341,ZNRF1;JUN;MYBBP1A;NEURL3;MGAT5;ADAMTS6;SMAD7
LUZP1 20508642 ChIP-Seq ESCs Mouse,7/1480,0.073739898,0.194469668,0,0,2.042012031,5.32395679,SLFN5;SMURF2;MYBBP1A;TCF7;CCR7;ITGAE;SSH2
SMAD1 18555785 Chip-Seq ESCs Mouse,7/1483,0.074372478,0.194469668,0,0,2.037530724,5.29486859,SLC17A9;NEURL3;MGAT5;IL2RA;BCL2;DPH5;AFF3
CTCF 31629814 ChIP-Seq Hepatocytes Mouse Tyrosinemia,Dec-86,0.074526721,0.194469668,0,0,1.733657501,4.501610815,NT5E;DIAPH2;TCF7;PPAN;SH3BP5;EVL;LDLRAD4;REXO2;BACH2;FOXP1;TGFBR2;SMAD7
SOX11 22085726 ChIP-Seq ESNs Mouse,7/1484,0.074584069,0.194469668,0,0,2.036041001,5.285212937,PDLIM1;NRP1;SOCS3;TNFRSF25;EMB;TGFBR2;SMAD7
STAT3 18555785 ChIP-Seq MESCs Mouse,7/1485,0.074796026,0.194469668,0,0,2.034553293,5.275577406,SOCS3;KLHL6;MYC;STK38;SSBP2;CD2AP;SMAD7
VDR 21846776 ChIP-Seq THP-1 Human,4/641,0.075747009,0.19620184,0,0,2.636407071,6.802869636,MYC;BCL2;FOXP1;CD2AP
CEBPA 20513432 ChIP-Seq MACROPHAGES Mouse,7/1493,0.076504845,0.197422614,0,0,2.022723716,5.19921149,JUN;MYC;MGAT5;CCR7;SSH2;FOXP1;CD2AP
STAT3 22323479 ChIP-Seq MACROPHAGE Mouse,Jan-32,0.077033255,0.198044451,0,0,13.11323239,33.61600808,SOCS3
FOXP3 21729870 ChIP-Seq TREG Human,6/1210,0.079845373,0.20451101,0,0,2.123150106,5.36660872,CD96;IL2RA;IL7R;SSBP2;BACH2;FOXP1
SMAD2 18955504 ChIP-ChIP HaCaT Human,7/1513,0.080879311,0.205630426,0,0,1.99369962,5.013750267,PDLIM1;NT5E;SMURF2;MYC;IL7R;ADAMTS6;SMAD7
SMAD3 18955504 ChIP-ChIP HaCaT Human,7/1513,0.080879311,0.205630426,0,0,1.99369962,5.013750267,PDLIM1;NT5E;SMURF2;MYC;IL7R;ADAMTS6;SMAD7
SUZ12 27294783 Chip-Seq NPCs Mouse,4/658,0.081618026,0.206562056,0,0,2.565616274,6.428677857,NEURL3;MGAT5;BCL2;AFF3
GATA1 19941827 ChIP-Seq MEL86 Mouse,7/1519,0.082220184,0.206562056,0,0,1.985142119,4.959588671,NRP1;MGAT5;STK38;BCL2;CD69;AFF3;SMAD7
DROSHA 22980978 ChIP-Seq HELA Human,3/409,0.082337331,0.206562056,0,0,3.072633896,7.672153819,IL2RA;AFF3;SSH2
PRDM14 21183938 ChIP-Seq MESCs Mouse,7/1520,0.082444943,0.206562056,0,0,1.983722467,4.950626531,SOCS3;NT5E;JUN;MYC;MGAT5;FOXP1;SMAD7
GATA2 22383799 ChIP-Seq G1ME Mouse,7/1522,0.082895557,0.206938547,0,0,1.980888787,4.932757377,PDLIM1;IFITM2;SLC17A9;MYBBP1A;AFF3;IL7R;ADAMTS6
TAL1 30185409 ChIP-Seq HPC Mouse BoneMarrow Leukemia,Sep-54,0.083829102,0.208513543,0,0,1.822104725,4.516952151,NT5E;KLHL6;RGS10;ZBTB20;DPH5;EMB;CCR4;ADAMTS6;SMAD7
SUZ12 18692474 ChIP-Seq MESCs Mouse,7/1531,0.084941419,0.210520279,0,0,1.968229262,4.853246826,NRP1;NT5E;JUN;BCL2;RGS10;BACH2;TGFBR2
MTF2 20144788 ChIP-Seq MESCs Mouse,Oct-88,0.085448357,0.211017627,0,0,1.762711864,4.335994613,NRP1;NT5E;JUN;SH3BP5;BCL2;RGS10;SSBP2;BACH2;TGFBR2;SMAD7
SOX2 30713093 ChIP-Seq Epithelial Human Tongue SCC,5/945,0.086082592,0.211824663,0,0,2.247044917,5.510760985,SLFN5;KLHL6;MGAT5;SSH2;FOXP1
STAT3 19079543 ChIP-ChIP MESCs Mouse,4/672,0.08662028,0.212389229,0,0,2.510023431,6.140072794,SOCS3;IFITM2;TCF7;EMB
ZFP281 18358816 ChIP-ChIP MESCs Mouse,3/419,0.087050658,0.212687601,0,0,2.997238134,7.317052707,SOCS3;EMB;SMAD7
EOMES 20176728 ChIP-ChIP TSCs Mouse,6/1243,0.088267206,0.214504476,0,0,2.062872051,5.007388043,CD96;SMURF2;MYC;MGAT5;STK38;SMAD7
RXR 22158963 ChIP-Seq LIVER Mouse,7/1546,0.088416939,0.214504476,0,0,1.947459087,4.723935358,NRP1;SOCS3;IFITM2;SMURF2;MYBBP1A;SH3BP5;TGFBR2
SMAD4 21741376 ChIP-Seq HESCs Human,8/1862,0.089302669,0.215893119,0,0,1.859146247,4.491184031,PDLIM1;NRP1;KLHL6;MYC;SH3BP5;CCR4;TGFBR2;SMAD7
NFE2L2 22581777 ChIP-Seq LYMPHOBLASTOID Human,3/425,0.089933367,0.216223424,0,0,2.953715841,7.114574741,SH3BP5;BACH2;ADAMTS6
EBNA1 20929547 Chip-Seq RAJI-cells Human,7/1553,0.090066941,0.216223424,0,0,1.937904269,4.664927208,CLDND1;SH3BP5;CD69;REXO2;CCR4;BACH2;CD2AP
MEF2A 21415370 ChIP-Seq HL-1 Mouse,4/691,0.093646334,0.224035848,0,0,2.438200114,5.774218643,PDLIM1;NRP1;MGAT5;FOXP1
SALL4 18804426 ChIP-ChIP XEN Mouse,4/693,0.09440159,0.225061231,0,0,2.430870196,5.737333419,PDLIM1;SOCS3;EMB;BACH2
JUND 26020271 ChIP-Seq SMOOTH MUSCLE Human,7/1573,0.094879518,0.225420647,0,0,1.91107547,4.500864479,SLFN5;MYC;SH3BP5;ITGAE;IL7R;TGFBR2;SMAD7
SMAD1 18555785 ChIP-Seq MESCs Mouse,3/436,0.095322522,0.225694906,0,0,2.877057638,6.76249282,SOCS3;IFITM2;SMAD7
EGR1 19032775 ChIP-ChIP M12 Human,2/210,0.096903035,0.227156633,0,0,3.954727564,9.230509861,NT5E;IFITM2
TCF3 18467660 ChIP-ChIP MESCs Mouse,5/982,0.097523032,0.227156633,0,0,2.157739111,5.022497481,RGS10;EVL;BACH2;CD2AP;SMAD7
SOX2 19829295 ChIP-Seq ESCs Human,7/1584,0.097588336,0.227156633,0,0,1.896609695,4.413405646,PDLIM1;KLHL6;SH3BP5;RGS10;SSBP2;FOXP1;SMAD7
NANOG 19829295 ChIP-Seq ESCs Human,7/1584,0.097588336,0.227156633,0,0,1.896609695,4.413405646,PDLIM1;KLHL6;SH3BP5;RGS10;SSBP2;FOXP1;SMAD7
TAL1 20887958 ChIP-Seq HPC-7 Mouse,7/1584,0.097588336,0.227156633,0,0,1.896609695,4.413405646,JUN;MYBBP1A;NEURL3;MGAT5;STK38;PPAN;CCR7
CBP 21632823 ChIP-Seq H3396 Human,7/1593,0.099837209,0.231413573,0,0,1.884923312,4.34326731,PDLIM1;NRP1;IFITM2;IL2RA;RGS10;CD69;REXO2
RUNX1 22897851 ChIP-Seq JUKARTE6-1 Human,7/1594,0.100088889,0.231413573,0,0,1.883633007,4.335551679,TCF7;DPH5;AFF3;IL7R;CCR4;TGFBR2;SMAD7
TRIM28 19339689 ChIP-ChIP MESCs Mouse,Sep-41,0.101451575,0.233779716,0,0,1.74252557,3.987201164,ZNRF1;SOCS3;JUN;IFITM2;SH3BP5;EVL;REXO2;SSH2;SMAD7
GATA1 22383799 ChIP-Seq G1ME Mouse,7/1606,0.103137159,0.236871676,0,0,1.86827523,4.244152494,PDLIM1;IFITM2;NEURL3;PPAN;BCL2;RGS10;ADAMTS6
NFIB 24661679 ChIP-Seq LUNG Mouse,3/453,0.103908598,0.237850578,0,0,2.765957447,6.262801537,JUN;SSBP2;TGFBR2
EZH2 27304074 Chip-Seq ESCs Mouse,4/722,0.105680881,0.240956883,0,0,2.329175245,5.234428393,NRP1;NT5E;JUN;TNFRSF25
WT1 20215353 ChIP-ChIP NEPHRON PROGENITOR Mouse,6/1307,0.105965073,0.240956883,0,0,1.954685207,4.387575816,SOCS3;JUN;SMURF2;TNFRSF25;BACH2;SMAD7
CDX2 22108803 ChIP-Seq LS180 Human,7/1619,0.106497829,0.241371725,0,0,1.851895666,4.147562344,PDLIM1;NRP1;NT5E;JUN;TCF7;CD2AP;TGFBR2
ZFP42 18358816 ChIP-ChIP MESCs Mouse,5/1013,0.107685484,0.243263273,0,0,2.087962963,4.653109999,SOCS3;IFITM2;TCF7;CCR4;SMAD7
MAF 26560356 Chip-Seq TH2 Human,7/1627,0.108595987,0.244112014,0,0,1.841946598,4.089343996,JUN;SLC17A9;IL2RA;BCL2;TNFRSF25;ADAMTS6;TGFBR2
IRF8 22096565 ChIP-ChIP GC-B Mouse,3/463,0.109100161,0.244112014,0,0,2.704440333,5.991657559,MGAT5;CD69;ADAMTS6
GATA3 24758297 ChIP-Seq MCF-7 Human,7/1629,0.109124093,0.244112014,0,0,1.839474665,4.074932257,NRP1;ZNRF1;SLC17A9;SH3BP5;EVL;CD2AP;SMAD7
POU3F2 20337985 ChIP-ChIP 501MEL Human,6/1319,0.109480724,0.244117213,0,0,1.935574327,4.281503534,NRP1;SSH2;IL7R;FOXP1;CD2AP;TGFBR2
NFE2 27457419 Chip-Seq LIVER Mouse,4/735,0.110932159,0.24655567,0,0,2.286207102,5.026995487,NEURL3;MGAT5;BCL2;AFF3
CTCF 21964334 ChIP-Seq BJAB-B Human,7/1638,0.111518178,0.247061174,0,0,1.828425991,4.010776132,ZNRF1;SOCS3;JUN;IFITM2;NEURL3;RGS10;SSH2
CREB1 26743006 Chip-Seq LNCaP Human,7/1645,0.11340011,0.250425243,0,0,1.819916518,3.961654185,NRP1;JUN;SLC17A9;MYC;CCR7;TNFRSF25;SMAD7
FOXA1 25552417 ChIP-Seq VCAP Human,7/1650,0.114754953,0.252607549,0,0,1.813882716,3.926976749,MYC;MGAT5;BCL2;REXO2;SSH2;FOXP1;SMAD7
DACH1 20351289 ChIP-Seq MDA-MB-231 Human,6/1338,0.115172285,0.252718803,0,0,1.906019656,4.119530114,SOCS3;NT5E;SLC17A9;SMURF2;SSH2;SSBP2
CTCF 33576154 ChIP-Seq Human Liver ProstateCancer,13/3679,0.116169324,0.254097347,0,0,1.56066705,3.359658045,NRP1;JUN;DIPK1A;CLDND1;ZBTB20;ITGAE;SSH2;ZNRF1;SOCS3;MYBBP1A;NEURL3;MYC;STK38
FOXA1 27270436 ChIP-Seq VCaP Human Prostate Carcinoma,31-Dec,0.116569727,0.254166273,0,0,1.582372623,3.400939151,SLFN5;JUN;MYC;MGAT5;ZBTB20;ITGAE;LDLRAD4;REXO2;SSH2;FOXP1;TGFBR2;SMAD7
CTCF 27219007 Chip-Seq ERYTHROID Human,7/1663,0.11831874,0.257165968,0,0,1.798365352,3.838382652,NRP1;JUN;NEURL3;BCL2;TNFRSF25;TGFBR2;SMAD7
EKLF 21900194 ChIP-Seq ERYTHROCYTE Mouse,5/1055,0.122266701,0.263767073,0,0,2,4.203101099,MYC;PPAN;RGS10;DPH5;REXO2
JARID2 20075857 ChIP-Seq MESCs Mouse,5/1055,0.122266701,0.263767073,0,0,2,4.203101099,NRP1;NT5E;JUN;BCL2;RGS10
DMRT1 23473982 ChIP-Seq TESTES Mouse,7/1678,0.122504301,0.263767073,0,0,1.78076072,3.738901484,NRP1;ZBTB20;ITGAE;AFF3;SSH2;BACH2;FOXP1
NANOG 16153702 ChIP-ChIP HESCs Human,5/1057,0.122983769,0.263974507,0,0,1.995986481,4.182994644,SOCS3;JUN;RGS10;SSH2;SSBP2
ESET 19884257 ChIP-Seq ESCs Mouse,6/1369,0.124782946,0.267004502,0,0,1.859567798,3.870094354,NRP1;KLHL6;IL2RA;RGS10;AFF3;CCR4
P300 27058665 Chip-Seq ZR-75-30cells Human,7/1689,0.125623387,0.267970631,0,0,1.768050217,3.667761544,PDLIM1;NRP1;JUN;IFITM2;SMURF2;DPH5;SMAD7
HIF1A 21447827 ChIP-Seq MCF-7 Human,2/248,0.127565138,0.271056077,0,0,3.337398374,6.872130958,MGAT5;EVL
POU2F1 27270436 ChIP-Seq LNCaP Human Prostate Carcinoma,3/498,0.128043278,0.271056077,0,0,2.508704062,5.156357627,ZBTB20;LDLRAD4;SSH2
ISL1 30127528 ChIP-Seq BE2C Human Brain Neuroblastoma,4/776,0.128250045,0.271056077,0,0,2.16017121,4.436502265,NRP1;DIPK1A;SSBP2;FOXP1
KDM2B 26808549 Chip-Seq REH Human,6/1389,0.131192901,0.276427856,0,0,1.830704003,3.718318204,NRP1;SLFN5;BCL2;CCR4;CD2AP;TGFBR2
E2F1 26619117 ChIP-Seq Hepatocytes Mouse Liver,17-Oct,0.133064356,0.279516284,0,0,1.592445512,3.211839008,SOCS3;JUN;IFITM2;MYBBP1A;MYC;PPAN;REXO2;CD2AP;TGFBR2;SMAD7
GATA3 21867929 ChIP-Seq CD8 Mouse,6/1397,0.133802097,0.280211687,0,0,1.819390889,3.659510932,SLFN5;JUN;CLDND1;MYBBP1A;PPAN;IL7R
PHOX2B 30127528 ChIP-Seq BE2C Human Brain Neuroblastoma,4/794,0.136200155,0.284369415,0,0,2.108970831,4.204506984,NRP1;DIPK1A;ADAMTS6;FOXP1
ZIC3 20872845 ChIP-ChIP MESCs Mouse,2/259,0.136832183,0.284825903,0,0,3.192769131,6.350417954,PDLIM1;EMB
EGR1 23403033 ChIP-Seq LIVER Mouse,3/516,0.138222399,0.286853111,0,0,2.418439716,4.785829328,ZNRF1;IFITM2;ZBTB20
RUNX1 27514584 ChIP-Seq MCF-7 Human BreastCancer,6/1413,0.139096896,0.287801085,0,0,1.797150611,3.545031433,NRP1;NEURL3;MYC;REXO2;SSBP2;CD2AP
STAT1 20625510 ChIP-Seq HELA Human,3/523,0.142255609,0.293455434,0,0,2.38502455,4.651107385,IFITM2;MYC;IL2RA
TEAD4 22529382 ChIP-Seq TROPHECTODERM Mouse,7/1748,0.143056979,0.294227638,0,0,1.70261678,3.31075922,PDLIM1;ZNRF1;MGAT5;EMB;AFF3;SSBP2;FOXP1
EGR1 19374776 ChIP-ChIP THP-1 Human,Jan-62,0.143953936,0.295191257,0,0,6.654064905,12.89732059,JUN
FOXA1 33576154 ChIP-Seq Human Lung ProstateCancer,13/3825,0.145513227,0.297503303,0,0,1.487436545,2.867016524,JUN;CLDND1;ZBTB20;AFF3;REXO2;SSH2;FOXP1;TGFBR2;PDLIM1;ZNRF1;SOCS3;MGAT5;SSBP2
ZNF263 19887448 ChIP-Seq K562 Human,Jan-64,0.148242194,0.302186011,0,0,6.442176871,12.29752229,RGS10
BACH1 22875853 ChIP-PCR HELA AND SCP4 Human,5/1127,0.14932227,0.303489806,0,0,1.864527629,3.545676022,NRP1;IL2RA;BCL2;CD69;AFF3
FLI1 26923725 Chip-Seq HEMOGENIC-ENDOTHELIUM Mouse,6/1446,0.150332733,0.303971098,0,0,1.752840909,3.321465643,SLFN5;SOCS3;JUN;SMURF2;KLHL6;CD2AP
NR1H3 23393188 ChIP-Seq ATHEROSCLEROTIC-FOAM Human,3/537,0.150441429,0.303971098,0,0,2.320822376,4.396058687,JUN;SSH2;IL7R
CEBPB 26923725 Chip-Seq MACROPHAGESS Mouse,6/1450,0.151722938,0.305664047,0,0,1.747607656,3.295462356,SLFN5;SOCS3;CLDND1;SSH2;TGFBR2;SMAD7
JARID1B-DAIN 22020125 ChIP-Seq ESCs Mouse,6/1470,0.158763589,0.31891578,0,0,1.721870343,3.168825226,ZNRF1;SMURF2;STK38;PPAN;RGS10;CCR7
TAF7L 23326641 ChIP-Seq C3H10T1-2 Mouse,3/554,0.160584818,0.321636452,0,0,2.247248716,4.110067369,NRP1;STK38;SSBP2
TAL1 21186366 ChIP-Seq BM-HSCs Mouse,6/1477,0.161262634,0.321840854,0,0,1.713027625,3.125797436,SMURF2;EVL;EMB;SSH2;SSBP2;ADAMTS6
SETDB1 19884255 ChIP-Seq MESCs Mouse,6/1478,0.161621096,0.321840854,0,0,1.711771245,3.119704112,PDLIM1;IFITM2;MYC;PPAN;TNFRSF25;SMAD7
ETS1 21867929 ChIP-Seq TH2 Mouse,6/1483,0.163418831,0.323541457,0,0,1.705514864,3.0894359,SLFN5;SOCS3;MYBBP1A;MYC;IL2RA;SH3BP5
MYC 19030024 ChIP-ChIP MESCs Mouse,Oct-42,0.164294345,0.323541457,0,0,1.511122881,2.729232495,PDLIM1;SOCS3;JUN;IFITM2;MYBBP1A;PPAN;DPH5;EMB;REXO2;SMAD7
ERG 20887958 ChIP-Seq HPC-7 Mouse,6/1486,0.164501793,0.323541457,0,0,1.701781327,3.071432471,IFITM2;MYC;MGAT5;PPAN;EMB;SSBP2
TCFCP2L1 18555785 ChIP-Seq MESCs Mouse,6/1486,0.164501793,0.323541457,0,0,1.701781327,3.071432471,ZNRF1;SOCS3;CLDND1;MYBBP1A;EMB;SMAD7
TCF4 32651957 ChIP-Seq PLC/PRF/5 Human Liver Heptoma,3/561,0.164823006,0.323541457,0,0,2.218256692,3.999257433,DIAPH2;TCF7;SMAD7
SUZ12 18555785 Chip-Seq ESCs Mouse,6/1491,0.166313889,0.325485058,0,0,1.695592287,3.041686337,SLC17A9;NEURL3;MGAT5;IL2RA;BCL2;AFF3
ELF5 23300383 ChIP-Seq T47D Human,4/860,0.167010185,0.325485058,0,0,1.939658675,3.471408065,JUN;MYC;EMB;SSBP2
FLI1 27457419 Chip-Seq LIVER Mouse,2/294,0.167230349,0.325485058,0,0,2.805079909,5.01655745,NEURL3;AFF3
ESRRB 18555785 Chip-Seq ESCs Mouse,6/1496,0.168134878,0.325708072,0,0,1.689444783,3.012261089,SLC17A9;NEURL3;MGAT5;IL2RA;BCL2;AFF3
SREBP1 19666523 ChIP-Seq LIVER Mouse,3/567,0.168483062,0.325708072,0,0,2.193979176,3.907301514,SOCS3;JUN;BCL2
RUNX1 30185409 ChIP-Seq K562 Mouse BoneMarrow Leukemia,2/296,0.169003156,0.325708072,0,0,2.785714286,4.952548407,MYC;MGAT5
ESR1 15608294 ChIP-ChIP MCF-7 Human,Jan-74,0.169369692,0.325708072,0,0,5.55689125,9.867213018,BCL2
MYC 22102868 ChIP-Seq BL Human,3/569,0.16970856,0.325708072,0,0,2.186001053,3.877250317,SLC17A9;RGS10;SMAD7
RCOR2 21632747 ChIP-Seq MESCs Mouse,2/298,0.170779317,0.3264959,0,0,2.76661036,4.889660394,SLC17A9;CCR7
SOX6 21985497 ChIP-Seq MYOTUBES Mouse,6/1504,0.171066792,0.3264959,0,0,1.679694138,2.965837954,NEURL3;MGAT5;TCF7;BCL2;ITGAE;AFF3
SOX2 18555785 Chip-Seq ESCs Mouse,6/1508,0.172541139,0.328196693,0,0,1.674857765,2.942925375,JUN;NEURL3;MGAT5;IL2RA;BCL2;AFF3
PU.1 20513432 ChIP-Seq MACROPHAGES Mouse,6/1509,0.172910594,0.328196693,0,0,1.673652695,2.937228033,SOCS3;MYBBP1A;MYC;MGAT5;STK38;PPAN
SALL1 21062744 ChIP-ChIP HESCs Human,Jan-77,0.175607181,0.331908272,0,0,5.336734694,9.283280446,SMURF2
TBX2 30127528 ChIP-Seq BE2C Human Brain Neuroblastoma,4/878,0.175829491,0.331908272,0,0,1.897920605,3.299042565,NRP1;DIPK1A;EVL;FOXP1
PU.1 20513432 ChIP-Seq Bcells Mouse,6/1520,0.176997328,0.332993327,0,0,1.660501982,2.875359511,SLFN5;SOCS3;MYBBP1A;MYC;AFF3;SSH2
CTCF 26484167 Chip-Seq Bcells Mouse,6/1521,0.177370901,0.332993327,0,0,1.659315932,2.869807234,JUN;MYC;MGAT5;SH3BP5;BCL2;SSH2
RBPJ 21746931 ChIP-Seq IB4-LCL Human,6/1523,0.178119066,0.33348923,0,0,1.656948523,2.858738324,JUN;SLC17A9;STK38;PPAN;IL7R;SMAD7
STAT5A 28732065 ChIP-Seq J2E Mouse Blood,Jan-79,0.179739981,0.335612052,0,0,5.199372057,8.923391207,SOCS3
NR3C1 21868756 ChIP-Seq MCF10A Human,4/887,0.180300625,0.335749001,0,0,1.877689694,3.216725954,NRP1;SOCS3;FOXP1;TGFBR2
FLI1 20887958 ChIP-Seq HPC-7 Mouse,6/1534,0.182258063,0.33847926,0,0,1.644038553,2.79869889,SLFN5;JUN;NEURL3;PPAN;SSH2;ADAMTS6
GATA3 26560356 Chip-Seq TH1 Human,6/1539,0.184152767,0.341078647,0,0,1.638231631,2.771870898,MGAT5;STK38;ZBTB20;CD69;SSH2;CCR4
AR 35413990 ChIP-Seq Human ARposCRProstateCancer,3/594,0.185246792,0.342185094,0,0,2.090830543,3.52527898,DIPK1A;FOXP1;SMAD7
MEIS1 26923725 Chip-Seq HEMOGENIC-ENDOTHELIUM Mouse,4/899,0.186323456,0.34325364,0,0,1.851348069,3.110766665,PDLIM1;STK38;FOXP1;SMAD7
RUNX2 24655370 ChIP-Seq MC3T3E1 Mouse Bone,14/4374,0.187648629,0.343525575,0,0,1.390545362,2.32663833,JUN;IFITM2;DIPK1A;SMURF2;PPAN;REXO2;SSH2;BACH2;FOXP1;TGFBR2;ZNRF1;SOCS3;MYBBP1A;RGS10
RARG 19884340 ChIP-ChIP MEFs Mouse,2/317,0.187805955,0.343525575,0,0,2.597222222,4.3434542,NRP1;DPH5
NFI 21473784 ChIP-Seq ESCs Mouse,6/1549,0.187966824,0.343525575,0,0,1.62673069,2.719063756,IFITM2;ITGAE;SSH2;CCR4;BACH2;SMAD7
PPARA 22158963 ChIP-Seq LIVER Mouse,6/1552,0.189117383,0.34471396,0,0,1.62330942,2.703439028,NRP1;SOCS3;JUN;MYBBP1A;MYC;SH3BP5
POU3F1 26484290 ChIP-Seq ESCss Mouse,6/1557,0.191041416,0.345429946,0,0,1.617636715,2.677617496,NRP1;SOCS3;SLC17A9;MYC;STK38;SH3BP5
KLF5 18264089 ChIP-ChIP MESCs Mouse,Jan-85,0.192016937,0.345429946,0,0,4.826530612,7.964604221,SOCS3
KLF2 18264089 ChIP-ChIP MESCs Mouse,Jan-85,0.192016937,0.345429946,0,0,4.826530612,7.964604221,SOCS3
KLF4 18264089 ChIP-ChIP MESCs Mouse,Jan-85,0.192016937,0.345429946,0,0,4.826530612,7.964604221,SOCS3
IGF1R 20145208 ChIP-Seq DFB Human,Jan-85,0.192016937,0.345429946,0,0,4.826530612,7.964604221,EMB
E2F1 20622854 ChIP-Seq HELA Human,6/1567,0.194913353,0.348922261,0,0,1.606400326,2.626786078,NRP1;SOCS3;IFITM2;SLC17A9;MYC;STK38
AR 35650195 ChIP-Seq DSRCT Human Mesenchymal Sarcoma,4/916,0.194971075,0.348922261,0,0,1.815217391,2.967706296,KLHL6;BCL2;LDLRAD4;FOXP1
KLF4 18358816 ChIP-ChIP MESCs Mouse,5/1238,0.195582975,0.349110544,0,0,1.686672074,2.752261841,ZNRF1;IFITM2;MYBBP1A;MYC;SMAD7
NCOR 22424771 ChIP-Seq 293T Human,6/1572,0.196861109,0.35048399,0,0,1.600835946,2.601769555,PDLIM1;ZNRF1;TNFRSF25;ITGAE;ADAMTS6;SMAD7
DPY 21335234 ChIP-Seq ESCs Mouse,6/1575,0.198033492,0.351662567,0,0,1.59751434,2.586885502,IFITM2;NEURL3;MGAT5;BCL2;CCR7;TNFRSF25
TBL1 22424771 ChIP-Seq 293T Human,6/1579,0.199600987,0.35353491,0,0,1.593105242,2.567185497,PDLIM1;NRP1;JUN;RGS10;DPH5;TNFRSF25
CDX2 21074721 ChIP-Seq CACO-2 Mouse,6/1587,0.202750636,0.356844276,0,0,1.584353976,2.528277928,PDLIM1;NRP1;JUN;IL2RA;DPH5;TNFRSF25
ETV1 20927104 ChIP-Seq GIST48 Human,6/1588,0.203145705,0.356844276,0,0,1.583266291,2.523460161,JUN;NEURL3;DPH5;TNFRSF25;AFF3;TGFBR2
TBX20 22080862 ChIP-Seq HEART Mouse,6/1589,0.203541074,0.356844276,0,0,1.58217998,2.518652462,PDLIM1;NRP1;CD96;NT5E;FOXP1;TGFBR2
TBX20 22328084 ChIP-Seq HEART Mouse,6/1589,0.203541074,0.356844276,0,0,1.58217998,2.518652462,PDLIM1;NRP1;CD96;NT5E;FOXP1;TGFBR2
P300 19829295 ChIP-Seq ESCs Human,6/1594,0.205522411,0.357588236,0,0,1.576768949,2.494764135,NRP1;JUN;DIAPH2;SSBP2;ADAMTS6;TGFBR2
NFYB 21822215 ChIP-Seq K562 Human,6/1594,0.205522411,0.357588236,0,0,1.576768949,2.494764135,PDLIM1;NRP1;JUN;IL2RA;DPH5;TNFRSF25
PCGF4 22325352 ChIP-Seq 293T-Rex Human,6/1594,0.205522411,0.357588236,0,0,1.576768949,2.494764135,JUN;NEURL3;MGAT5;DPH5;TNFRSF25;AFF3
P300 27268052 Chip-Seq Bcells Human,6/1596,0.20631703,0.357618532,0,0,1.574614065,2.48527843,PDLIM1;SOCS3;STK38;DPH5;TNFRSF25;ITGAE
CEBPA 26348894 ChIP-Seq LIVER Mouse,6/1597,0.206714784,0.357618532,0,0,1.573538655,2.4805504,NRP1;NT5E;MYBBP1A;EVL;EMB;CD2AP
P63 20808887 ChIP-Seq KERATINOCYTES Human,6/1598,0.207112832,0.357618532,0,0,1.572464596,2.47583222,PDLIM1;JUN;MYC;CD69;AFF3;TGFBR2
RUNX1 26923725 Chip-Seq HPCs Mouse,3/629,0.207615983,0.357618532,0,0,1.970362314,3.097537905,SMURF2;AFF3;SMAD7
ZNF652 21678463 ChIP-ChIP ZR75-1 Human,Jan-94,0.210095437,0.360986923,0,0,4.357472021,6.798499047,FOXP1
DCP1A 22483619 ChIP-Seq HELA Human,3/636,0.21216597,0.363637695,0,0,1.947867299,3.019947033,RGS10;DPH5;REXO2
E2F1 18555785 ChIP-Seq MESCs Mouse,15-Oct,0.213134246,0.364390807,0,0,1.409733777,2.179213065,PDLIM1;SOCS3;IFITM2;MYC;MGAT5;STK38;EVL;EMB;REXO2;SMAD7
PCGF2 27294783 Chip-Seq NPCs Mouse,2/346,0.214226418,0.365093386,0,0,2.374757752,3.658841024,MGAT5;BCL2
HAND2 30127528 ChIP-Seq KELLY Human Brain Neuroblastoma,Nov-83,0.215123872,0.365093386,0,0,1.386668492,2.130673363,NRP1;JUN;DIPK1A;SLC17A9;KLHL6;ZBTB20;DPH5;EVL;REXO2;SSBP2;FOXP1
GATA2 19941826 ChIP-Seq K562 Human,6/1618,0.215134854,0.365093386,0,0,1.551263253,2.383500814,ZNRF1;JUN;MGAT5;SH3BP5;SSH2;CD2AP
KDM5B 21448134 ChIP-Seq MESCs Mouse,30-Oct,0.217650905,0.368455709,0,0,1.401490066,2.137080141,NRP1;ZNRF1;SMURF2;MYBBP1A;MGAT5;STK38;ITGAE;EMB;AFF3;CD2AP
ATF3 27146783 Chip-Seq COLON Human,6/1628,0.219188503,0.370149213,0,0,1.540858648,2.338750964,SLFN5;SMURF2;NEURL3;PPAN;BACH2;SMAD7
CTCF 27219007 Chip-Seq Bcells Human,6/1633,0.221225712,0.372231844,0,0,1.535704308,2.31672018,PDLIM1;SLFN5;JUN;MYC;TNFRSF25;SMAD7
SMAD 19615063 ChIP-ChIP OVARY Human,1/100,0.221926912,0.372231844,0,0,4.092145949,6.160345888,SSBP2
TCF7 22412390 ChIP-Seq EML Mouse,6/1635,0.222042508,0.372231844,0,0,1.533651431,2.30797124,SOCS3;MYC;TCF7;CD69;SSBP2;SMAD7
SOX9 26525672 Chip-Seq HEART Mouse,5/1299,0.223002276,0.372933417,0,0,1.601923407,2.403803498,CLDND1;ZBTB20;EMB;SSBP2;ADAMTS6
NR3C2 34362910 ChIP-Seq WistarRat Hippocampus Stress,4/974,0.225396071,0.376023953,0,0,1.701479157,2.535027177,SH3BP5;ITGAE;AFF3;SMAD7
VDR 24787735 ChIP-Seq THP-1 Human,3/663,0.22992209,0.381785661,0,0,1.8655706,2.74241633,BCL2;EVL;CD2AP
STAT1 19122651 ChIP-Seq HeLaS3 Human CervicalCancer,Nov-34,0.229957982,0.381785661,0,0,1.361805883,2.001662192,NRP1;SLFN5;SOCS3;JUN;DIAPH2;NEURL3;BCL2;ZBTB20;DPH5;SSBP2;ADAMTS6
NOTCH1 17114293 ChIP-ChIP T-ALL Human,1/105,0.231653662,0.3830492,0,0,3.894427002,5.695645681,CLDND1
CREB1 23762244 ChIP-Seq HIPPOCAMPUS Rat,6-Jul,0.231830938,0.3830492,0,0,1.461858836,2.136867605,SOCS3;JUN;CLDND1;ZBTB20;REXO2;SSBP2;SMAD7
CUX1 19635798 ChIP-ChIP MULTIPLE CANCER TYPES Human,6/1669,0.236089922,0.389153006,0,0,1.499508009,2.16460357,KLHL6;MYC;IL2RA;BACH2;CD2AP;TGFBR2
TCF4 18268006 ChIP-ChIP LS174T Human,2/372,0.238215565,0.391719629,0,0,2.204954955,3.163182687,JUN;AFF3
MYC 19079543 ChIP-ChIP MESCs Mouse,4/1013,0.24654566,0.403517127,0,0,1.632352307,2.285632875,MYBBP1A;BCL2;DPH5;CCR4
VDR 20736230 ChIP-Seq LYMPHOBLASTOID Human,2/381,0.246561264,0.403517127,0,0,2.151605101,3.012558657,TNFRSF25;SSH2
CLOCK 20551151 ChIP-Seq 293T Human,2/382,0.247489479,0.404076425,0,0,2.145833333,2.996414212,SH3BP5;BCL2
ELK1 19687146 ChIP-ChIP HELA Human,3/691,0.248635387,0.404987663,0,0,1.787048491,2.487156487,MYC;CD69;ADAMTS6
REST 18959480 ChIP-ChIP MESCs Mouse,6/1701,0.249574706,0.405558898,0,0,1.468624296,2.038446095,TCF7;STK38;BCL2;ZBTB20;CCR7;BACH2
SOX17 20123909 ChIP-Seq XEN Mouse,5/1363,0.253006114,0.409294939,0,0,1.521191294,2.090636517,PDLIM1;NRP1;IFITM2;ZBTB20;EMB
NANOG 18555785 ChIP-Seq MESCs Mouse,2/388,0.253061892,0.409294939,0,0,2.111830743,2.901911365,PDLIM1;STK38
ILF3 29590119 ChIP-Seq K562 Human BoneMarrow Leukemia,3/700,0.254705045,0.410987766,0,0,1.763149058,2.411369202,PDLIM1;JUN;MYC
EZH2 27294783 Chip-Seq NPCs Mouse,4/1032,0.257018171,0.413751214,0,0,1.600575199,2.174555059,NEURL3;MGAT5;BCL2;AFF3
TP63 30713093 ChIP-Seq Epithelial Human Tongue SCC,Jul-00,0.268341883,0.430973327,0,0,1.38889321,1.82707989,SLFN5;NT5E;DIPK1A;KLHL6;TCF7;ITGAE;FOXP1
CTNNB1 24651522 ChIP-Seq LGR5+ INTESTINAL STEM Human,1/127,0.273054484,0.437522185,0,0,3.210884354,4.167997378,SMAD7
HNF1A 26855178 ChIP-Seq Caco2 Human Colon Adenocarcinoma,2/411,0.274451604,0.438037614,0,0,1.990729421,2.573974005,NEURL3;SMAD7
NR3C1 23031785 ChIP-Seq PC12 Mouse,3/730,0.275093437,0.438037614,0,0,1.687757909,2.178295409,SH3BP5;ZBTB20;FOXP1
PKCTHETA 26484144 Chip-Seq BREAST Human,2/412,0.275381908,0.438037614,0,0,1.985772358,2.560844861,JUN;MYC
POU2F1 35413990 ChIP-Seq Human ARposCRProstateCancer,3/732,0.276460039,0.438037614,0,0,1.682952456,2.16375345,KLHL6;MYC;FOXP1
SALL4 22934838 ChIP-ChIP CD34+ Human,4/1067,0.276554952,0.438037614,0,0,1.545012066,1.985874671,STK38;BCL2;AFF3;CD2AP
MYBL2 22936984 ChIP-ChIP MESCs Mouse,5/1419,0.280104599,0.44264236,0,0,1.456545655,1.853588606,PDLIM1;IFITM2;STK38;BCL2;CCR4
HOXB13 26457646 ChIP-Seq LNCaP Human Prostate Carcinoma,5/1424,0.282556345,0.445495016,0,0,1.451021846,1.833913568,TCF7;ZBTB20;AFF3;SSH2;FOXP1
ESR1 22217937 ChIP-Seq MCF-7 Human BreastCancer,1/133,0.283960904,0.446687358,0,0,3.064007421,3.857336278,CCR7
CNOT3 19339689 ChIP-ChIP MESCs Mouse,4/1083,0.285577759,0.448207462,0,0,1.520812346,1.905944275,SOCS3;TCF7;STK38;SMAD7
ELK1 22589737 ChIP-Seq MCF10A Human,3/755,0.292228528,0.457603309,0,0,1.629526935,2.004675244,JUN;TCF7;BACH2
DNAJC2 21179169 ChIP-ChIP NT2 Human,3/758,0.294291498,0.458666921,0,0,1.622798366,1.984981829,SOCS3;JUN;MYC
RELB 30642670 ChIP-Seq CTB1 Human Placenta Inflammation,1/139,0.294706918,0.458666921,0,0,2.929902396,3.579678318,SOCS3
POU5F1 16153702 ChIP-ChIP HESCs Human,2/433,0.294904856,0.458666921,0,0,1.886987626,2.304205298,NT5E;SSBP2
YY1 26981420 ChIP-Seq C2C12 Mouse Muscle,6/1811,0.29757181,0.461772471,0,0,1.370813397,1.661562514,SOCS3;JUN;MYBBP1A;MYC;SH3BP5;SSH2
SOX3 22085726 ChIP-Seq MUSCLE Mouse,5/1459,0.299844997,0.463484579,0,0,1.413418921,1.702448413,PDLIM1;ZNRF1;SLC17A9;MYC;REXO2
SOX4 29892750 ChIP-Seq EML Mouse BoneMarrow,1/142,0.300020497,0.463484579,0,0,2.867129831,3.451750458,SMURF2
MEIS1 26253404 ChIP-Seq OPTIC CUPS Mouse,5/1461,0.300839106,0.463709495,0,0,1.411324786,1.695254666,NRP1;CD96;EMB;FOXP1;SMAD7
HNF4A 19761587 ChIP-ChIP CACO-2 Human,3/771,0.303244239,0.466373394,0,0,1.59424867,1.902284185,DIAPH2;KLHL6;DPH5
SPI1 26923725 Chip-Seq MACROPHAGESS Mouse,5/1469,0.304821661,0.467755288,0,0,1.403005464,1.666810326,SLFN5;SOCS3;SMURF2;SSH2;TGFBR2
CCND1 20090754 ChIP-ChIP RETINA Mouse,5/1472,0.306317574,0.46803874,0,0,1.399909112,1.656278516,NRP1;SOCS3;JUN;DPH5;SMAD7
FLI1 26923725 Chip-Seq MACROPHAGESS Mouse,5/1473,0.306816501,0.46803874,0,0,1.398879806,1.652784081,SLFN5;SOCS3;SMURF2;TCF7;FOXP1
THRA 23701648 ChIP-Seq CEREBELLUM Mouse,1/146,0.307044282,0.46803874,0,0,2.78747361,3.291346538,SSH2
RUNX1 27457419 Chip-Seq LIVER Mouse,5/1475,0.307814786,0.468177456,0,0,1.396825397,1.645819331,NEURL3;MGAT5;IL2RA;BCL2;AFF3
ZFX 18555785 Chip-Seq ESCs Mouse,5/1485,0.312814548,0.473849132,0,0,1.386636637,1.611472503,NEURL3;MGAT5;IL2RA;BCL2;AFF3
KLF4 18555785 Chip-Seq ESCs Mouse,5/1486,0.313315267,0.473849132,0,0,1.385625328,1.608081036,NEURL3;MGAT5;IL2RA;BCL2;AFF3
IRF8 22096565 ChIP-ChIP GC-B Human,1/150,0.313998985,0.473849132,0,0,2.712094234,3.141596466,AFF3
ETS2 20176728 ChIP-ChIP TROPHOBLAST STEM CELLS Mouse,1/151,0.315726944,0.473849132,0,0,2.693877551,3.105710924,MGAT5
OCT4 18555785 Chip-Seq ESCs Mouse,5/1492,0.316322297,0.473849132,0,0,1.379586042,1.587894784,NEURL3;MGAT5;IL2RA;BCL2;AFF3
CTCF 18555785 Chip-Seq ESCs Mouse,5/1492,0.316322297,0.473849132,0,0,1.379586042,1.587894784,NEURL3;MGAT5;IL2RA;BCL2;AFF3
EBNA2 21746931 ChIP-Seq IB4-LCL Human,4/1137,0.316357911,0.473849132,0,0,1.444184351,1.66208444,JUN;SLC17A9;PPAN;SMAD7
ISL1 30127528 ChIP-Seq KELLY Human Brain Neuroblastoma,1/152,0.317450638,0.473989526,0,0,2.675902149,3.070418281,NRP1
STAT3 18555785 Chip-Seq ESCs Mouse,5/1495,0.31782752,0.473989526,0,0,1.376584638,1.577905234,NEURL3;MGAT5;IL2RA;BCL2;AFF3
CMYC 18555785 Chip-Seq ESCs Mouse,5/1499,0.319836196,0.474102752,0,0,1.372601517,1.564692024,NEURL3;MGAT5;IL2RA;BCL2;AFF3
P300 18555785 Chip-Seq ESCs Mouse,5/1499,0.319836196,0.474102752,0,0,1.372601517,1.564692024,NEURL3;MGAT5;IL2RA;BCL2;AFF3
SFPI1 20887958 ChIP-Seq HPC-7 Mouse,6/1861,0.320055283,0.474102752,0,0,1.330188679,1.515432801,CLDND1;MYBBP1A;PPAN;SSH2;SSBP2;SMAD7
SOX2 16153702 ChIP-ChIP HESCs Human,3/797,0.321197054,0.474102752,0,0,1.53995391,1.748926376,SOCS3;RGS10;FOXP1
EBF1 22473956 ChIP-Seq BONE MARROW Mouse,5/1502,0.321343955,0.474102752,0,0,1.369628145,1.554861063,NEURL3;MGAT5;BCL2;AFF3;BACH2
EBF1 22473956 ChIP-Seq LYMPHODE Mouse,5/1505,0.32285276,0.475311008,0,0,1.366666667,1.545097179,NEURL3;MGAT5;IL2RA;BCL2;AFF3
PU1 27457419 Chip-Seq LIVER Mouse,5/1510,0.325369689,0.477799145,0,0,1.361757106,1.528971672,NEURL3;MGAT5;IL2RA;BCL2;AFF3
TCFCP2L1 18555785 Chip-Seq ESCs Mouse,5/1513,0.326881158,0.477799145,0,0,1.358826997,1.519384099,JUN;MGAT5;BCL2;AFF3;BACH2
SRY 25088423 ChIP-ChIP EMBRYONIC GONADS Mouse,14-Aug,0.327047752,0.477799145,0,0,1.267697255,1.41684068,NT5E;SLC17A9;MYBBP1A;TCF7;TNFRSF25;EVL;SSH2;BACH2
PHOX2B 30127528 ChIP-Seq KELLY Human BrainNeuroblastoma,6/1877,0.327316685,0.477799145,0,0,1.317647345,1.471584289,NRP1;SH3BP5;ZBTB20;SSH2;ADAMTS6;FOXP1
OCT4 21477851 ChIP-Seq ESCs Mouse,5/1517,0.328897929,0.479092332,0,0,1.354938272,1.506701959,SOCS3;NEURL3;MGAT5;BCL2;AFF3
NANOG 18555785 Chip-Seq ESCs Mouse,5/1522,0.331421185,0.481749359,0,0,1.350106204,1.491010377,JUN;NEURL3;MGAT5;BCL2;AFF3
E2F1 18555785 Chip-Seq ESCs Mouse,5/1528,0.334452302,0.485131866,0,0,1.344349602,1.472413695,MGAT5;IL2RA;BCL2;AFF3;BACH2
ELF1 20517297 ChIP-Seq JURKAT Human,3/821,0.337795679,0.488952148,0,0,1.492899131,1.620264428,RGS10;CCR7;ITGAE
SMC4 20622854 ChIP-Seq HELA Human,5/1544,0.342550949,0.494795815,0,0,1.329218107,1.424037716,SOCS3;SLC17A9;CCR7;IL7R;CCR4
CEBPB 26923725 Chip-Seq HEMANGIOBLAST Mouse,2/486,0.343817452,0.495586244,0,0,1.675792011,1.789149998,ITGAE;FOXP1
CEBPB 20176806 ChIP-Seq THIOMACROPHAGE Mouse,4/1189,0.346318468,0.498149111,0,0,1.376995047,1.460160728,MGAT5;PPAN;SSH2;ADAMTS6
POU5F1 16518401 ChIP-PET MESCs Mouse,3/836,0.348168807,0.499767308,0,0,1.464866798,1.545533847,CD96;TCF7;SMAD7
RUNX1 22412390 ChIP-Seq EML Mouse,5/1561,0.351177407,0.503037908,0,0,1.313481862,1.374511155,CLDND1;MYC;REXO2;SSH2;SMAD7
SOX9 24532713 ChIP-Seq HFSC Mouse,4/1203,0.354413342,0.505637293,0,0,1.359901367,1.410614013,NRP1;IFITM2;EVL;AFF3
MYC 22102868 ChIP-Seq CA46 Human Blood BurkittsLymphoma,14-Jul,0.356745842,0.505637293,0,0,1.244957208,1.283216833,SLC17A9;MYBBP1A;BCL2;DPH5;EMB;SSH2;FOXP1
PHF8 20622853 ChIP-Seq HELA Human,5/1574,0.35778646,0.505637293,0,0,1.301678351,1.337889677,NRP1;JUN;RGS10;DPH5;TNFRSF25
ERA 21632823 ChIP-Seq H3396 Human,5/1574,0.35778646,0.505637293,0,0,1.301678351,1.337889677,SOCS3;JUN;MYC;BCL2;EVL
GATA6 21074721 ChIP-Seq CACO-2 Mouse,5/1575,0.358295228,0.505637293,0,0,1.300778485,1.335116402,NRP1;JUN;IL2RA;DPH5;TNFRSF25
TOP2B 26459242 ChIP-Seq MCF-7 Human,5/1575,0.358295228,0.505637293,0,0,1.300778485,1.335116402,JUN;SMURF2;SSBP2;CCR4;BACH2
P68 20966046 ChIP-Seq HELA Human,5/1576,0.358804045,0.505637293,0,0,1.299879765,1.332349301,IFITM2;SLC17A9;RGS10;ZBTB20;ITGAE
OCT4 20526341 ChIP-Seq ESCs Human,5/1578,0.359821824,0.505637293,0,0,1.298085753,1.326833553,PDLIM1;JUN;MGAT5;ZBTB20;REXO2
LXR 22158963 ChIP-Seq LIVER Mouse,5/1578,0.359821824,0.505637293,0,0,1.298085753,1.326833553,JUN;MYBBP1A;SH3BP5;TGFBR2;SMAD7
NFYA 21822215 ChIP-Seq K562 Human,5/1579,0.360330785,0.505637293,0,0,1.297190456,1.324084876,PDLIM1;JUN;RGS10;DPH5;TNFRSF25
OCT4 19829295 ChIP-Seq ESCs Human,5/1583,0.36236708,0.505742237,0,0,1.293620617,1.313151117,NRP1;SMURF2;TNFRSF25;SSBP2;CCR4
PADI4 21655091 ChIP-ChIP MCF-7 Human,3/857,0.362673917,0.505742237,0,0,1.427275898,1.447616218,CLDND1;MYC;SSBP2
CTCF 33576154 ChIP-Seq Human PerigastricLN ProstateCancer,28-Jul,0.362695237,0.505742237,0,0,1.236465838,1.254014213,CD96;ZNRF1;SOCS3;NEURL3;MYC;ZBTB20;SSH2
BMI1 23680149 ChIP-Seq NPCS Mouse,3/860,0.364743481,0.505742237,0,0,1.422056158,1.434230331,SLFN5;MYC;BCL2
OLIG2 26023283 ChIP-Seq AINV15 Mouse,5/1588,0.3649134,0.505742237,0,0,1.289183688,1.299619904,SOCS3;IFITM2;NEURL3;MYC;EMB
KLF5 25053715 ChIP-Seq YYC3 Human,5/1591,0.366441658,0.505742237,0,0,1.286534959,1.291572973,SOCS3;NT5E;JUN;CLDND1;SSBP2
OCT1 27270436 Chip-Seq PROSTATE Human,5/1591,0.366441658,0.505742237,0,0,1.286534959,1.291572973,SLFN5;SH3BP5;CCR7;TGFBR2;SMAD7
AR 27270436 ChIP-Seq LNCaP Human Prostate Carcinoma,1/182,0.367228199,0.505742237,0,0,2.228999887,2.232949294,BCL2
CSB 26484114 Chip-Seq FIBROBLAST Human,5/1594,0.367970237,0.505742237,0,0,1.283896231,1.283579394,SLC17A9;MYC;MGAT5;CD69;FOXP1
SMAD4 21741376 ChIP-Seq ESCs Human,5/1595,0.36847983,0.505742237,0,0,1.283018868,1.280926655,TCF7;ITGAE;SSH2;SSBP2;FOXP1
CBX2 22325352 ChIP-Seq 293T-Rex Human,5/1595,0.36847983,0.505742237,0,0,1.283018868,1.280926655,JUN;MGAT5;DPH5;TNFRSF25;AFF3
RBPJ 21746931 ChIP-Seq IB4 Human,5/1598,0.370008799,0.506831138,0,0,1.280393388,1.273003588,JUN;NEURL3;MGAT5;DPH5;TNFRSF25
GATA4 25053715 ChIP-Seq YYC3 Human,5/1602,0.372047833,0.50861301,0,0,1.276908092,1.262520976,NT5E;CLDND1;MYC;REXO2;TGFBR2
FOSL1 28411283 ChIP-Seq MDA231-LM2-4175 Human BreastCancer,4/1238,0.374666142,0.511178163,0,0,1.318864069,1.29475515,JUN;ITGAE;REXO2;TGFBR2
SMAD2/3 21741376 ChIP-Seq ESCs Human,5/1612,0.377147121,0.513546178,0,0,1.26827076,1.23671609,IFITM2;SLC17A9;STK38;FOXP1;SMAD7
POU5F1 18358816 ChIP-ChIP MESCs Mouse,2/526,0.38008513,0.515338201,0,0,1.544688295,1.494269707,IFITM2;TCF7
MYC 18358816 ChIP-ChIP MESCs Mouse,Jul-69,0.380182476,0.515338201,0,0,1.212177303,1.172301447,IFITM2;MYBBP1A;PPAN;BCL2;DPH5;EMB;REXO2
AR 21915096 ChIP-Seq LNCaP-1F5 Human,5/1619,0.380717712,0.515338201,0,0,1.262288311,1.218988149,BCL2;CCR7;EVL;SSBP2;CD2AP
GBX2 23144817 ChIP-Seq PC3 Human,1/191,0.381454982,0.515338201,0,0,2.12244898,2.045536603,NRP1
SA1 27219007 Chip-Seq Bcells Human,5/1633,0.387860296,0.522966231,0,0,1.25047775,1.184340065,JUN;IFITM2;DPH5;CCR7;TNFRSF25
HOXC9 25013753 ChIP-Seq NEUROBLASTOMA BE2-C Human,5/1639,0.39092152,0.526064311,0,0,1.245478036,1.169813321,NRP1;CLDND1;PPAN;DPH5;BACH2
FOXA1 21915096 ChIP-Seq LNCaP-1F5 Human,5/1641,0.391941895,0.526409289,0,0,1.243819614,1.16501329,MYC;BCL2;REXO2;FOXP1;SMAD7
FOXA1 26457646 ChIP-Seq LHSAR Human ProstateCancer,20-Jun,0.3931144,0.526956851,0,0,1.214408233,1.133837853,SLFN5;ZBTB20;BACH2;FOXP1;TGFBR2;SMAD7
CHD1 26751641 Chip-Seq LNCaP Human,5/1647,0.395002826,0.528460091,0,0,1.238868588,1.150738401,NRP1;JUN;MYC;REXO2;SSH2
SCL 19346495 ChIP-Seq HPC-7 Human,1/201,0.396895001,0.529962511,0,0,2.015306122,1.862311164,ZNRF1
TP53 20018659 ChIP-ChIP R1E Mouse,3/909,0.398395037,0.53093652,0,0,1.341693673,1.234775728,PDLIM1;BCL2;CCR4
PAX3-FKHR 20663909 ChIP-Seq RHABDOMYOSARCOMA Human,3/918,0.404535308,0.53766349,0,0,1.327868852,1.201742901,ZBTB20;DPH5;SSH2
NACC1 18358816 ChIP-ChIP MESCs Mouse,2/554,0.405003413,0.53766349,0,0,1.464221014,1.323450491,IFITM2;EMB
SIN3A 21632747 ChIP-Seq MESCs Mouse,3/923,0.407939849,0.540520299,0,0,1.320305273,1.183832639,SLC17A9;SSH2;SMAD7
KLF4 26769127 Chip-Seq PDAC-Cell Line Human,5/1678,0.410806924,0.5425316,0,0,1.213854021,1.079883317,PDLIM1;NRP1;JUN;SMURF2;SMAD7
ESR1 26153859 ChIP-Seq MCF-7 Human BreastCancer,Oct-97,0.411032649,0.5425316,0,0,1.140437692,1.013943342,NRP1;ZNRF1;SLC17A9;SMURF2;MYC;SH3BP5;RGS10;REXO2;SSBP2;FOXP1
ZBTB16 27035670 ChIP-Seq hESC Human Endometrial,2/563,0.412918116,0.543978168,0,0,1.440062389,1.273743784,ITGAE;CD2AP
VDR 23401126 ChIP-Seq LCL-AND-THP1 Human,1/213,0.414925007,0.545064453,0,0,1.900077012,1.671416959,BCL2
CREB1 20920259 ChIP-Seq GC1-SPG Mouse,Jul-51,0.415324873,0.545064453,0,0,1.166044989,1.024597013,SOCS3;CLDND1;MYC;PPAN;BCL2;BACH2;CD2AP
ELK3 25401928 ChIP-Seq HUVEC Human,5/1689,0.416407538,0.545446375,0,0,1.205199261,1.055864034,NRP1;SLFN5;ZNRF1;JUN;TNFRSF25
LMO2 20887958 ChIP-Seq HPC-7 Mouse,4/1317,0.420228683,0.549407139,0,0,1.234279281,1.070066116,NEURL3;STK38;SH3BP5;CCR7
THAP11 20581084 ChIP-Seq MESCs Mouse,2/577,0.425131177,0.554763979,0,0,1.403985507,1.200909543,CLDND1;REXO2
TBX4 33478486 ChIP-Seq IMR90 Human Lung,1/226,0.433861538,0.5650862,0,0,1.789115646,1.493964939,EMB
MYC 19915707 ChIP-ChIP AK7 Human,5/1732,0.438238471,0.569011407,0,0,1.172424886,0.967241225,SMURF2;MYC;SH3BP5;RGS10;CD2AP
STAT1 17558387 ChIP-Seq HELA Human,4/1349,0.438526933,0.569011407,0,0,1.202844674,0.991545819,PDLIM1;NRP1;NEURL3;SSH2
RCOR3 21632747 ChIP-Seq MESCs Mouse,Jun-42,0.449543542,0.581217452,0,0,1.137257406,0.909262956,SOCS3;SLC17A9;TCF7;CCR7;EMB;FOXP1
AR 21909140 ChIP-Seq LNCAP Human,1/238,0.450807522,0.581217452,0,0,1.697494188,1.352418759,MYC
SMAD3 30307970 ChIP-Seq HCASMC Human CoronaryArtery,5/1759,0.451876303,0.581217452,0,0,1.15266692,0.915617282,JUN;DIPK1A;KLHL6;TCF7;EVL
GATA3 20176728 ChIP-ChIP TSCs Mouse,2/609,0.452564947,0.581217452,0,0,1.327773202,1.052690457,MYC;EMB
GATA4 21415370 ChIP-Seq HL-1 Mouse,4/1374,0.452725511,0.581217452,0,0,1.179308156,0.934565479,PDLIM1;RGS10;EVL;ADAMTS6
SPI1 20517297 ChIP-Seq HL60 Human,3/990,0.452995314,0.581217452,0,0,1.226346763,0.9711115,SOCS3;ZBTB20;TGFBR2
SOX9 26525672 Chip-Seq Limbbuds Mouse,3/993,0.454984257,0.5826843,0,0,1.222437137,0.962660028,MGAT5;BCL2;AFF3
TFAP2C 20629094 ChIP-Seq MCF-7 Human,3/1034,0.481877524,0.615366131,0,0,1.171285882,0.855115176,ZNRF1;MYC;SH3BP5
MYC 30127528 ChIP-Seq KELLY Human Brain Neuroblastoma,Nov-88,0.482289856,0.615366131,0,0,1.065069397,0.776659238,DIAPH2;CLDND1;TCF7;STK38;SH3BP5;ZBTB20;EMB;SSBP2;BACH2;ADAMTS6;FOXP1
TP53 22573176 ChIP-Seq HFKS Human,3/1039,0.485118101,0.617601566,0,0,1.165324899,0.842952811,JUN;IFITM2;ADAMTS6
HSF1 23293686 ChIP-Seq STHDH STRIATAL Mouse,2/649,0.485834613,0.617601566,0,0,1.243109222,0.897384406,JUN;IFITM2
KLF4 18555785 ChIP-Seq MESCs Mouse,5/1830,0.487365169,0.618406265,0,0,1.103500761,0.793131905,PDLIM1;ZNRF1;SOCS3;MYBBP1A;STK38
GATA1 19941826 ChIP-Seq K562 Human,2/654,0.489908697,0.620490979,0,0,1.233256646,0.879973307,PPAN;SH3BP5
TP53 16413492 ChIP-PET HCT116 Human,1/269,0.492317296,0.622397462,0,0,1.498781602,1.062084395,MYC
TFEB 21752829 ChIP-Seq HELA Human,2/668,0.501212505,0.631380986,0,0,1.206456456,0.833329765,JUN;ADAMTS6
IRF1 21803131 ChIP-Seq MONOCYTES Human,1/276,0.501256022,0.631380986,0,0,1.460111317,1.008408777,ZBTB20
CREM 20920259 ChIP-Seq GC1-SPG Mouse,Dec-43,0.50232203,0.631569121,0,0,1.044607849,0.719226994,PDLIM1;ZNRF1;SOCS3;CLDND1;PPAN;SH3BP5;EVL;AFF3;REXO2;SSH2;BACH2;CD2AP
TAL1 26923725 Chip-Seq HEMANGIOBLAST Mouse,3/1070,0.505004127,0.633426601,0,0,1.129613751,0.771739324,MYC;AFF3;SMAD7
PU.1 20176806 ChIP-Seq MACROPHAGES Mouse,4/1469,0.50563807,0.633426601,0,0,1.09719543,0.748215023,MYBBP1A;MGAT5;PPAN;SSH2
ERG 21242973 ChIP-ChIP JURKAT Human,1/283,0.510040458,0.637781988,0,0,1.423360834,0.958299354,TNFRSF25
CEBPB 20513432 ChIP-Seq MACROPHAGES Mouse,4/1484,0.513810893,0.641332799,0,0,1.08519389,0.722630605,SLFN5;MGAT5;SSH2;FOXP1
MYC 20876797 ChIP-ChIP MEDULLOBLASTOMA Human,3/1086,0.515122798,0.641807609,0,0,1.111982083,0.737633274,BCL2;FOXP1;TGFBR2
CRX 20693478 ChIP-Seq RETINA Mouse,4/1492,0.518146714,0.644409902,0,0,1.078892006,0.709368091,NEURL3;MGAT5;BCL2;AFF3
NMYC 18555785 Chip-Seq ESCs Mouse,4/1510,0.527841566,0.65477014,0,0,1.064957561,0.68046433,NEURL3;MGAT5;BCL2;AFF3
P53 22387025 ChIP-Seq ESCs Mouse,4/1511,0.528377646,0.65477014,0,0,1.064193185,0.678895671,NEURL3;MGAT5;BCL2;AFF3
CDX2 21402776 ChIP-Seq INTESTINAL-VILLUS Mouse,4/1514,0.529984263,0.65558197,0,0,1.061906133,0.674212662,NEURL3;MGAT5;BCL2;AFF3
HTT 18923047 ChIP-ChIP STHdh Human,1/304,0.535493904,0.661210215,0,0,1.323297636,0.826486411,ITGAE
CTCF 18555785 ChIP-Seq MESCs Mouse,3/1123,0.538118703,0.663262588,0,0,1.073138298,0.664998161,ZNRF1;SOCS3;SH3BP5
AR 22383394 ChIP-Seq PROSTATE CANCER Human,4/1540,0.543803994,0.668634507,0,0,1.042459239,0.635031143,NRP1;ZBTB20;AFF3;REXO2
RUNX1 17652178 ChIP-ChIP JURKAT Human,2/724,0.54484836,0.668634507,0,0,1.109649123,0.673831945,DIAPH2;CD69
FLI1 21571218 ChIP-Seq MEGAKARYOCYTES Human,Dec-75,0.546333454,0.668634507,0,0,1.006906306,0.608700809,ZNRF1;SOCS3;SLC17A9;MYBBP1A;NEURL3;BCL2;RGS10;CCR7;EVL;ITGAE;SSBP2;TGFBR2
FOXP2 21765815 ChIP-ChIP NEURO2A Mouse,2/726,0.54635882,0.668634507,0,0,1.106468692,0.668837464,CCR4;CD2AP
TFAP2A 35110662 ChIP-Seq HEPM Human Embryo,3/1144,0.55090759,0.673005904,0,0,1.052212505,0.627316675,NRP1;MYC;SSH2
ZFX 18555785 ChIP-Seq MESCs Mouse,Jun-72,0.552787105,0.674106753,0,0,1.01344809,0.600754124,PDLIM1;SOCS3;MYBBP1A;MGAT5;PPAN;EVL
RAC3 21632823 ChIP-Seq H3396 Human,4/1559,0.553780658,0.674125218,0,0,1.028659304,0.607923858,NRP1;DIAPH2;SSBP2;TGFBR2
TBX5 21415370 ChIP-Seq HL-1 Mouse,4/1561,0.554824633,0.674204889,0,0,1.027226271,0.605142276,CLDND1;MYBBP1A;BCL2;REXO2
BCL6 27268052 Chip-Seq Bcells Human,4/1563,0.555867409,0.674282825,0,0,1.025796916,0.602374093,STK38;DPH5;ITGAE;BACH2
CEBPB 22108803 ChIP-Seq LS180 Human,4/1565,0.556908982,0.674359031,0,0,1.024371222,0.599619238,STK38;AFF3;FOXP1;TGFBR2
KLF4 19030024 ChIP-ChIP MESCs Mouse,3/1157,0.558725319,0.675371482,0,0,1.039640105,0.605171704,JUN;IFITM2;MYC
MYC 19829295 ChIP-Seq ESCs Human,4/1572,0.56054496,0.676018012,0,0,1.019409938,0.590081187,RGS10;CCR7;EVL;CCR4
GATA3 21878914 ChIP-Seq MCF-7 Human,4/1574,0.56158107,0.676018012,0,0,1.018000554,0.587385438,NRP1;CLDND1;MYC;BACH2
FOXA1 21572438 ChIP-Seq LNCaP Human,4/1578,0.56364961,0.676018012,0,0,1.015192531,0.582032699,ZNRF1;IL2RA;STK38;RGS10
HNFA 21074721 ChIP-Seq CACO-2 Human,4/1578,0.56364961,0.676018012,0,0,1.015192531,0.582032699,NRP1;JUN;DPH5;TNFRSF25
TCF4 22108803 ChIP-Seq LS180 Human,4/1579,0.564165975,0.676018012,0,0,1.014492754,0.58070254,MYC;TCF7;SH3BP5;TGFBR2
P53 21459846 ChIP-Seq SAOS-2 Human,4/1584,0.566743155,0.676807621,0,0,1.011007155,0.574099469,NRP1;NT5E;DPH5;SSH2
GATA6 21074721 ChIP-Seq CACO-2 Human,4/1585,0.567257659,0.676807621,0,0,1.01031268,0.572788342,JUN;IL2RA;DPH5;TNFRSF25
FOXH1 21741376 ChIP-Seq EPCs Human,4/1586,0.567771851,0.676807621,0,0,1.009619084,0.571480357,PDLIM1;IFITM2;TCF7;SSBP2
FOXH1 21741376 ChIP-Seq ESCs Human,4/1589,0.569312549,0.677472101,0,0,1.007543547,0.567575174,IFITM2;DPH5;FOXP1;SMAD7
MYCN 27167114 Chip-Seq NEUROBLASTOMA Human,4/1594,0.571874094,0.679346984,0,0,1.004101723,0.561128619,NRP1;JUN;TNFRSF25;CD69
E2F4 21247883 ChIP-Seq LYMPHOBLASTOID Human,22-Jun,0.574232507,0.680974522,0,0,0.989652318,0.548980825,PDLIM1;ZNRF1;JUN;MYBBP1A;RGS10;DPH5
AR 20517297 ChIP-Seq VCAP Human,4/1604,0.576973397,0.682478219,0,0,0.997282609,0.548464665,NRP1;SOCS3;IL2RA;DPH5
BCL6 25482012 ChIP-Seq CML-JURL-MK1 Human,4/1605,0.57748157,0.682478219,0,0,0.996605383,0.547214839,MYC;STK38;SH3BP5;ADAMTS6
RARB 27405468 Chip-Seq BRAIN Mouse,4/1611,0.580523835,0.684144321,0,0,0.992559725,0.539778217,ZNRF1;SLC17A9;SSBP2;SMAD7
SOX11 23321250 ChIP-ChIP Z138-A519-JVM2 Human,2/773,0.580877254,0.684144321,0,0,1.036478599,0.563031564,SH3BP5;BCL2
FOXA1 26743006 Chip-Seq LNCaP-abl Human,4/1620,0.585065316,0.686558747,0,0,0.986547568,0.528820855,MYC;BCL2;AFF3;SMAD7
ELK4 26923725 Chip-Seq MESODERM Mouse,1/350,0.586805838,0.686558747,0,0,1.146190281,0.610989663,SOCS3
FOXP1 21924763 ChIP-Seq HESCs Human,Aug-73,0.586991223,0.686558747,0,0,0.973382921,0.518565285,ZNRF1;SOCS3;JUN;IFITM2;SLC17A9;SSBP2;BACH2;FOXP1
RNF2 27304074 Chip-Seq NSC Mouse,2/782,0.587271306,0.686558747,0,0,1.024038462,0.545063288,MYC;SMAD7
FOXM1 25889361 ChIP-Seq OE33 AND U2OS Human,2/784,0.58868272,0.686558747,0,0,1.021312873,0.541160924,SLFN5;DPH5
SALL4 28974232 ChIP-Seq Mouse BoneMarrow Leukemia,1/352,0.588905979,0.686558747,0,0,1.139542997,0.603375182,EVL
PPARD 23208498 ChIP-Seq MDA-MB-231 Human,1/357,0.594110672,0.691456508,0,0,1.123251548,0.584865467,MYC
UBF1/2 26484160 Chip-Seq HMEC-DERIVED Human,4/1650,0.600009896,0.697144719,0,0,0.96698188,0.493943174,IFITM2;DPH5;TNFRSF25;SSH2
SIN3B 21632747 ChIP-Seq MESCs Mouse,29-Aug,0.607577354,0.704748816,0,0,0.953757474,0.47523425,ZNRF1;SOCS3;IFITM2;MYBBP1A;NEURL3;CCR7;SSBP2;CCR4
PGR 26153859 ChIP-Seq MCF-7 Human BreastCancer,2/816,0.610795017,0.707290364,0,0,0.97952498,0.482899805,CLDND1;SMURF2
CTNNB1 20615089 ChIP-ChIP FETAL BRAIN Human,1/376,0.613306065,0.709006508,0,0,1.065306122,0.520818764,ZNRF1
EWS-ERG 20517297 ChIP-Seq CADO-ES1 Human,2/830,0.620190382,0.715764109,0,0,0.962258454,0.459698558,TCF7;FOXP1
TTF2 22483619 ChIP-Seq HELA Human,3/1272,0.624371396,0.719384435,0,0,0.939640863,0.442580151,JUN;MYC;SSBP2
CIITA 25753668 ChIP-Seq RAJI Human,1/392,0.628778251,0.723252445,0,0,1.020877916,0.473663493,BCL2
MYC 18555785 ChIP-Seq MESCs Mouse,2/852,0.634611906,0.728385356,0,0,0.93627451,0.425763004,PPAN;DPH5
RUNX1 22343733 ChIP-Seq Kasumi1 Human PeriphBlood AML,1/399,0.635355006,0.728385356,0,0,1.00256384,0.454734256,STK38
XRN2 22483619 ChIP-Seq HELA Human,3/1296,0.637239696,0.729332476,0,0,0.921014958,0.415018002,JUN;MYBBP1A;MYC
POU5F1 18555785 ChIP-Seq MESCs Mouse,1/403,0.639061741,0.730204874,0,0,0.992385014,0.444344567,STK38
KLF1 20508144 ChIP-Seq FETAL-LIVER-ERYTHROID Mouse,2/868,0.644837937,0.735584998,0,0,0.918206313,0.402868762,SMURF2;CCR4
PRDM5 23873026 ChIP-Seq MEFs Mouse,2/873,0.647988409,0.737452763,0,0,0.912696135,0.396002853,STK38;CD2AP
GATA1 30185409 ChIP-Seq HPC Mouse BoneMarrow Leukemia,2/874,0.648615928,0.737452763,0,0,0.911601682,0.394645611,RGS10;CCR4
MYCN 28898695 ChIP-Seq NB1643 Human Nerve Neuroblastoma,May-84,0.649861131,0.737651267,0,0,0.906175106,0.390558375,JUN;DPH5;REXO2;SSH2;SMAD7
POU2F1 35413990 ChIP-Seq Human ARnegCRProstateCancer,1/418,0.652635981,0.739582551,0,0,0.955953604,0.407939589,MYC
FUS 26573619 Chip-Seq HEK293 Human,1/428,0.661406192,0.747063715,0,0,0.933087989,0.385726553,MYC
RXR 22108803 ChIP-Seq LS180 Human,1/428,0.661406192,0.747063715,0,0,0.933087989,0.385726553,MYC
CREB1 15753290 ChIP-ChIP HEK293T Human,1/440,0.671644323,0.757386152,0,0,0.907024313,0.361019585,PPAN
VDR 23849224 ChIP-Seq CD4+ Human,4/1811,0.674774296,0.75967237,0,0,0.873078126,0.343448871,JUN;CLDND1;CD69;BACH2
E2F1 17053090 ChIP-ChIP MCF-7 Human,3/1380,0.679929584,0.764227542,0,0,0.860937283,0.332120366,DIAPH2;BCL2;SSH2
POU2F1 27270436 ChIP-Seq VCaP Human Prostate Carcinoma,2/933,0.68413223,0.767698871,0,0,0.851190476,0.323115361,MYC;REXO2
ADNP 35650610 ChIP-Seq mESC Mouse Stem Autism,1/458,0.6864351,0.768062997,0,0,0.870495244,0.327518261,CD2AP
ETS1 22383799 ChIP-Seq G1ME Mouse,3/1394,0.68668622,0.768062997,0,0,0.851629778,0.320108753,SOCS3;KLHL6;ADAMTS6
TET1 21451524 ChIP-Seq MESCs Mouse,3/1400,0.689550497,0.770016681,0,0,0.847697955,0.31510234,TCF7;CCR7;TNFRSF25
EWS-FLI1 20517297 ChIP-Seq SK-N-MC Human,1/470,0.695930778,0.77588399,0,0,0.847700274,0.307295656,MYC
PDX1 19855005 ChIP-ChIP MIN6 Mouse,1/476,0.700572356,0.779797017,0,0,0.836734694,0.297758422,EMB
FOXM1 26456572 ChIP-Seq MCF-7 Human BreastCancer,1/478,0.702104064,0.780241451,0,0,0.833140803,0.294659947,ZNRF1
NELFA 20434984 ChIP-Seq ESCs Mouse,3/1454,0.714482011,0.792718366,0,0,0.813774799,0.27358902,SOCS3;SMURF2;ITGAE
JUN 26020271 ChIP-Seq HCASMC Human CoronaryArtery,1/498,0.717004927,0.794238577,0,0,0.798792757,0.265736436,ZBTB20
SRF 21415370 ChIP-Seq HL-1 Mouse,2/1001,0.721467843,0.797899429,0,0,0.790415415,0.258044922,MYBBP1A;REXO2
NEUROD2 26341353 ChIP-Seq CORTEX Mouse,3/1481,0.726378657,0.802043101,0,0,0.797742781,0.25502547,CD96;SOCS3;SMURF2
PBX 27287812 Chip-Seq EMBYONIC-LIMB Mouse,3/1490,0.730260481,0.805039154,0,0,0.792528152,0.249134383,CD96;CCR7;AFF3
BMI1 19503595 ChIP-Seq MEFsC Mouse,1/521,0.733239198,0.807031641,0,0,0.76255887,0.236609285,NEURL3
JUN 27471255 ChIP-Seq Chondrocytes Mouse Rib,Sep-45,0.735610803,0.808350627,0,0,0.83930509,0.257712069,ZNRF1;IFITM2;TCF7;PPAN;ZBTB20;EVL;REXO2;SSH2;SMAD7
FOXO1 32281255 ChIP-Seq Chondrocytes Human Osteoarthritis,1/531,0.740009548,0.811889456,0,0,0.747785907,0.225152497,MYC
PPARG 23326641 ChIP-Seq C3H10T1-2 Mouse,1/534,0.74200761,0.81278735,0,0,0.743462113,0.221845957,SSH2
MYC 28411283 ChIP-Seq MDA231-LM2-4175 Human BreastCancer,May-41,0.746413641,0.816315871,0,0,0.798850575,0.233644105,SLC17A9;MYBBP1A;PPAN;DPH5;REXO2
P53 22127205 ChIP-Seq FIBROBLAST Human,1/545,0.749205913,0.818071116,0,0,0.728016206,0.21020843,SMURF2
BCOR 27268052 Chip-Seq Bcells Human,3/1573,0.764113981,0.831127035,0,0,0.747255726,0.201040419,PDLIM1;SOCS3;STK38
NANOG 20526341 ChIP-Seq ESCs Human,3/1579,0.766427103,0.831127035,0,0,0.744167837,0.19796032,JUN;IFITM2;CD2AP
REST 19997604 ChIP-ChIP NEURONS Mouse,2/1095,0.767052985,0.831127035,0,0,0.718854834,0.19063987,EVL;SSBP2
RCOR1 19997604 ChIP-ChIP NEURONS Mouse,2/1095,0.767052985,0.831127035,0,0,0.718854834,0.19063987,REXO2;BACH2
PHF8 20622854 ChIP-Seq HELA Human,3/1581,0.767194186,0.831127035,0,0,0.743143759,0.196944491,STK38;TNFRSF25;ITGAE
KLF4 19829295 ChIP-Seq ESCs Human,3/1593,0.771755283,0.834755714,0,0,0.737053392,0.19096152,NRP1;SLC17A9;SSBP2
TP53 32428506 ChIP-Seq Human Liver Heptoma,1/584,0.773176029,0.834981636,0,0,0.677950082,0.174401666,SSBP2
LYL1 20887958 ChIP-Seq HPC-7 Mouse,1/587,0.774923946,0.835559623,0,0,0.674374869,0.17195911,NEURL3
LXR 22292898 ChIP-Seq THP-1 Human,3/1614,0.779567578,0.83925322,0,0,0.726613574,0.180938334,SLC17A9;TCF7;CCR7
NCOR1 26117541 ChIP-Seq K562 Human,3/1631,0.785735301,0.841055194,0,0,0.718359559,0.173221856,JUN;CCR7;SMAD7
TBP 23326641 ChIP-Seq C3H10T1-2 Mouse,1/607,0.786244016,0.841055194,0,0,0.651444736,0.156664695,MYC
E2F4 17652178 ChIP-ChIP JURKAT Human,1/608,0.786795128,0.841055194,0,0,0.650337895,0.155942823,MYC
SETDB1 19884257 ChIP-Seq MESCs Mouse,3/1634,0.786809312,0.841055194,0,0,0.716920829,0.171895647,IL2RA;STK38;SH3BP5
CBX2 27304074 Chip-Seq ESCs Mouse,1/609,0.787344848,0.841055194,0,0,0.649234694,0.155224839,NRP1
SA1 27219007 Chip-Seq ERYTHROID Human,3/1646,0.791062432,0.842455364,0,0,0.711218451,0.166694233,CD96;SLC17A9;TNFRSF25
GABP 17652178 ChIP-ChIP JURKAT Human,1/617,0.791692887,0.842455364,0,0,0.640538033,0.149617983,KLHL6
VDR 33458620 ChIP-Seq PrimaryEpithelial Human Prostate,2/1154,0.792323768,0.842455364,0,0,0.679904514,0.15827169,SOCS3;ZBTB20
SOX2 19030024 ChIP-ChIP MESCs Mouse,1/625,0.795953765,0.844269152,0,0,0.632064364,0.14424605,IFITM2
CHD1 19587682 ChIP-ChIP MESCs Mouse,1/626,0.796480332,0.844269152,0,0,0.631020408,0.143590488,IFITM2
JUND 26020271 ChIP-Seq HCASMC Human CoronaryArtery,1/629,0.798052055,0.844635739,0,0,0.627908488,0.141644508,ZBTB20
JARID1A 20064375 ChIP-Seq MESCs Mouse,3/1695,0.807727185,0.853564464,0,0,0.688773201,0.147074375,MYBBP1A;PPAN;DPH5
NANOG 21062744 ChIP-ChIP HESCs Human,1/654,0.810695374,0.855389146,0,0,0.603087789,0.126565761,SOCS3
PAX6 23342162 ChIP-ChIP BETA-FORBRAIN-LENS Mouse,1/658,0.812644976,0.855966539,0,0,0.599291772,0.12432964,BCL2
SPI1 20176806 ChIP-Seq THIOMACROPHAGE Mouse,2/1209,0.813727261,0.855966539,0,0,0.647024303,0.133371138,CCR7;SSH2
REST 21632747 ChIP-Seq MESCs Mouse,3/1765,0.829641488,0.871376502,0,0,0.658874103,0.123052391,STK38;AFF3;FOXP1
GTF3C2 35216376 ChIP-Seq H9 Human BoneMarrow Lymphoma,2/1277,0.83751931,0.878311727,0,0,0.610294118,0.108211835,SLFN5;MGAT5
BCL3 23251550 ChIP-Seq MUSCLE Mouse,1/725,0.842521717,0.882214989,0,0,0.541943849,0.092865244,ADAMTS6
AR 27623747 ChIP-Seq 22Rv1 Mouse Prostate Carcinoma,5-May,0.848657639,0.887291523,0,0,0.680555556,0.111678776,DIAPH2;SH3BP5;ZBTB20;LDLRAD4;EMB
RUNX1 22343733 ChIP-Seq PBMC Human BoneMarrow,1/748,0.851658988,0.888467329,0,0,0.524629129,0.084239217,FOXP1
GATA2 20887958 ChIP-Seq HPC-7 Mouse,2/1324,0.852361255,0.888467329,0,0,0.587115482,0.093788665,NEURL3;CCR7
TBX2 35687133 ChIP-Seq MCF-7 Human BreastCancer,1/756,0.854713723,0.889573648,0,0,0.518853899,0.081454196,MYC
TP53 22127205 ChIP-Seq IMR90 Human,1/766,0.858445557,0.892110088,0,0,0.511804722,0.078117787,JUN
EZH2 23942234 ChIP-Seq MYOBLASTS AND MYOTUBES Mouse,1/777,0.862442107,0.894913572,0,0,0.504260467,0.074624122,MYBBP1A
GRHL2 25758223 ChIP-Seq PLACENTA Mouse,1/788,0.866328014,0.897593988,0,0,0.496927106,0.071304902,CCR4
SREBP2 21459322 ChIP-Seq LIVER Mouse,1/801,0.870781902,0.900543539,0,0,0.488520408,0.067593507,SLC17A9
ETV2 25802403 ChIP-Seq MESCs Mouse,1/804,0.871788883,0.900543539,0,0,0.486619056,0.066768023,ADAMTS6
CEBPB 26923725 Chip-Seq MESODERM Mouse,1/814,0.875090257,0.90260058,0,0,0.480382559,0.064096603,ADAMTS6
KDM5A 27292631 Chip-Seq BREAST Human,1/830,0.880199942,0.906513842,0,0,0.470717117,0.060066418,JUN
ESR1 26153859 ChIP-Seq T47D Human Breast Carcinoma,2/1452,0.886853642,0.910987392,0,0,0.531609195,0.063833141,SLFN5;ZNRF1
ERG 20517297 ChIP-Seq VCAP Human,1/853,0.887188012,0.910987392,0,0,0.45745904,0.054757095,SOCS3
E2F1 21310950 ChIP-Seq MCF-7 Human,1/858,0.88865344,0.911134256,0,0,0.454671017,0.053672982,MYC
TFAP2A 17053090 ChIP-ChIP MCF-7 Human,2/1549,0.907954334,0.928765565,0,0,0.49566365,0.047861874,MYBBP1A;SSH2
SMAD3 21741376 ChIP-Seq ESCs Human,2/1552,0.908545705,0.928765565,0,0,0.494623656,0.047439397,TCF7;SSBP2
HOXB7 26014856 ChIP-Seq BT474 Human,2/1573,0.912589156,0.929110931,0,0,0.487454912,0.044587254,TCF7;CCR4
FOXA1 25329375 ChIP-Seq VCAP Human,2/1580,0.913900229,0.929110931,0,0,0.485107731,0.043676128,SOCS3;CCR4
FOXA1 27270436 Chip-Seq PROSTATE Human,2/1580,0.913900229,0.929110931,0,0,0.485107731,0.043676128,SOCS3;CCR4
SOX2 21211035 ChIP-Seq LN229 Human,2/1590,0.915741999,0.929110931,0,0,0.481790512,0.042407497,JUN;REXO2
TAF2 19829295 ChIP-Seq ESCs Human,2/1595,0.916649295,0.929110931,0,0,0.48014752,0.041787396,ZBTB20;CCR7
GABP 19822575 ChIP-Seq HepG2 Human,Mar-55,0.916974504,0.929110931,0,0,0.527900815,0.045756126,MYBBP1A;ITGAE;SSH2
ELF3 26769127 Chip-Seq PDAC-Cell Line Human,2/1680,0.930763928,0.941698013,0,0,0.45371474,0.032553852,JUN;REXO2
TBX2 30127528 ChIP-Seq KELLY Human Brain Neuroblastoma,25-Mar,0.951472565,0.959839588,0,0,0.461935801,0.022978731,NRP1;DPH5;FOXP1
YY1 23942234 ChIP-Seq MYOBLASTS AND MYOTUBES Mouse,1/1173,0.951481043,0.959839588,0,0,0.326983353,0.016262686,MYBBP1A
GATA3 30127528 ChIP-Seq KELLY Human Brain Neuroblastoma,1/1277,0.963231488,0.970272654,0,0,0.298669311,0.011188604,NRP1
ETS1 20019798 ChIP-Seq JURKAT Human,1/1332,0.968266788,0.9739209,0,0,0.285484291,0.00920619,CLDND1
OLIG2 29049317 ChIP-Seq Mouse SpinalCord,1/1472,0.978230424,0.982508399,0,0,0.256371481,0.005642744,ADAMTS6
SOX3 22085726 ChIP-Seq NPCs Mouse,1/1565,0.983078135,0.98594008,0,0,0.239913357,0.004094523,IL2RA
P63 26484246 Chip-Seq KERATINOCYTES Human,1/1627,0.985704197,0.986772737,0,0,0.229987198,0.003311579,SLFN5
YY1 33199912 ChIP-Seq 293T Human KidneyEmbryo,12-Apr,0.986772737,0.986772737,0,0,0.393859057,0.005244439,SMURF2;EVL;ITGAE;EMB